source,slug,status,severity,score,summary,issues
static,alarm-habit,,Pass,90,cards=14; paragraphs=16; faq=true,
static,bag-organizing,,Pass,90,cards=12; paragraphs=13; faq=true,
static,bathroom-habit,,Pass,90,cards=12; paragraphs=13; faq=true,
static,bed-making,,Pass,90,cards=12; paragraphs=13; faq=true,
static,book-reading,,Pass,90,cards=12; paragraphs=13; faq=true,
static,breakfast-preference,,Pass,90,cards=8; paragraphs=13; faq=true,
static,breakfast-style,,Pass,90,cards=12; paragraphs=13; faq=true,
static,breakup-style,,Pass,90,cards=8; paragraphs=8; faq=true,
static,bungeoppang,,Pass,90,cards=11; paragraphs=12; faq=true,
static,cafe-style,,Pass,90,cards=10; paragraphs=9; faq=true,
static,cake-cutting,,Pass,90,cards=12; paragraphs=13; faq=true,
static,chair-sitting,,Pass,90,cards=12; paragraphs=13; faq=true,
static,chicken-style,,Pass,90,cards=11; paragraphs=12; faq=true,
static,chicken-vs-jjimdak,,Pass,90,cards=12; paragraphs=13; faq=true,
static,clean-style,,Pass,90,cards=10; paragraphs=11; faq=true,
static,clothing-order,,Pass,90,cards=12; paragraphs=13; faq=true,
static,coffee-mbti,,Pass,90,cards=10; paragraphs=9; faq=true,
static,commute-style,,Pass,90,cards=5; paragraphs=10; faq=true,
static,convenience-snack,,Pass,90,cards=10; paragraphs=11; faq=true,
static,cooking-cleanup,,Pass,90,cards=10; paragraphs=12; faq=true,
static,cooking-complexity,,Pass,90,cards=10; paragraphs=12; faq=true,
static,cooking-create,,Pass,90,cards=10; paragraphs=12; faq=true,
static,cooking-experiment,,Pass,90,cards=10; paragraphs=12; faq=true,
static,cooking-follow,,Pass,90,cards=10; paragraphs=12; faq=true,
static,cooking-garnishing,,Pass,90,cards=10; paragraphs=12; faq=true,
static,cooking-improvise,,Pass,90,cards=10; paragraphs=12; faq=true,
static,cooking-measurement,,Pass,90,cards=10; paragraphs=12; faq=true,
static,cooking-method,,Pass,90,cards=10; paragraphs=12; faq=true,
static,cooking-modify,,Pass,90,cards=10; paragraphs=12; faq=true,
static,cooking-multitask,,Pass,90,cards=10; paragraphs=12; faq=true,
static,cooking-music,,Pass,90,cards=10; paragraphs=12; faq=true,
static,cooking-presentation,,Pass,90,cards=10; paragraphs=12; faq=true,
static,cooking-recipe,,Pass,90,cards=10; paragraphs=12; faq=true,
static,cooking-seasoning,,Pass,90,cards=10; paragraphs=12; faq=true,
static,cooking-share,,Pass,90,cards=10; paragraphs=12; faq=true,
static,cooking-shared,,Pass,90,cards=10; paragraphs=12; faq=true,
static,cooking-solo,,Pass,90,cards=10; paragraphs=12; faq=true,
static,cooking-style,,Pass,90,cards=11; paragraphs=10; faq=true,
static,cooking-time,,Pass,90,cards=10; paragraphs=12; faq=true,
static,cooking-timing,,Pass,90,cards=10; paragraphs=12; faq=true,
static,cstore-routine,,Pass,90,cards=10; paragraphs=11; faq=true,
static,cvs-combo,,Pass,90,cards=11; paragraphs=12; faq=true,
static,dessert-style,,Pass,90,cards=10; paragraphs=11; faq=true,
static,dinner-preference,,Pass,90,cards=8; paragraphs=13; faq=true,
static,door-closing,,Pass,90,cards=12; paragraphs=13; faq=true,
static,drink-preference,,Pass,90,cards=12; paragraphs=13; faq=true,
static,evening-cleaning,,Pass,90,cards=11; paragraphs=18; faq=true,
static,evening-entertainment,,Pass,90,cards=11; paragraphs=18; faq=true,
static,evening-exercise,,Pass,90,cards=11; paragraphs=18; faq=true,
static,evening-meal,,Pass,90,cards=11; paragraphs=18; faq=true,
static,evening-reflection,,Pass,90,cards=11; paragraphs=18; faq=true,
static,evening-routine,,Pass,90,cards=10; paragraphs=11; faq=true,
static,evening-sleep-prep,,Pass,90,cards=11; paragraphs=18; faq=true,
static,evening-snack,,Pass,90,cards=11; paragraphs=18; faq=true,
static,evening-social,,Pass,90,cards=11; paragraphs=18; faq=true,
static,evening-wind-down,,Pass,90,cards=11; paragraphs=18; faq=true,
static,evening-work,,Pass,90,cards=11; paragraphs=18; faq=true,
static,food-allergy,,Pass,90,cards=11; paragraphs=10; faq=true,
static,food-aroma,,Pass,90,cards=8; paragraphs=13; faq=true,
static,food-bitterness,,Pass,90,cards=10; paragraphs=11; faq=true,
static,food-brand,,Pass,90,cards=8; paragraphs=8; faq=true,
static,food-budget,,Pass,90,cards=10; paragraphs=12; faq=true,
static,food-chewy,,Pass,90,cards=10; paragraphs=11; faq=true,
static,food-color-preference,,Pass,90,cards=8; paragraphs=13; faq=true,
static,food-combination,,Pass,90,cards=11; paragraphs=10; faq=true,
static,food-creamy,,Pass,90,cards=10; paragraphs=11; faq=true,
static,food-crispy,,Pass,90,cards=10; paragraphs=11; faq=true,
static,food-crunchy,,Pass,90,cards=10; paragraphs=11; faq=true,
static,food-delivery,,Pass,90,cards=10; paragraphs=9; faq=true,
static,food-delivery-app,,Pass,90,cards=10; paragraphs=12; faq=true,
static,food-dipping,,Pass,90,cards=8; paragraphs=13; faq=true,
static,food-garnishing,,Pass,90,cards=11; paragraphs=10; faq=true,
static,food-garnishing-style,,Pass,90,cards=10; paragraphs=11; faq=true,
static,food-label,,Pass,90,cards=11; paragraphs=10; faq=true,
static,food-layering,,Pass,90,cards=8; paragraphs=13; faq=true,
static,food-mixing,,Pass,90,cards=8; paragraphs=13; faq=true,
static,food-new,,Pass,90,cards=10; paragraphs=12; faq=true,
static,food-ordering,,Pass,90,cards=11; paragraphs=10; faq=true,
static,food-photography,,Pass,90,cards=11; paragraphs=10; faq=true,
static,food-plating,,Pass,90,cards=10; paragraphs=11; faq=true,
static,food-portion,,Pass,90,cards=10; paragraphs=11; faq=true,
static,food-presentation,,Pass,90,cards=11; paragraphs=10; faq=true,
static,food-reheating,,Pass,90,cards=11; paragraphs=10; faq=true,
static,food-review,,Pass,90,cards=11; paragraphs=10; faq=true,
static,food-sale,,Pass,90,cards=10; paragraphs=12; faq=true,
static,food-saltiness,,Pass,90,cards=10; paragraphs=11; faq=true,
static,food-scooping,,Pass,90,cards=8; paragraphs=13; faq=true,
static,food-seasoning,,Pass,90,cards=11; paragraphs=10; faq=true,
static,food-sharing,,Pass,90,cards=11; paragraphs=10; faq=true,
static,food-sourness,,Pass,90,cards=10; paragraphs=11; faq=true,
static,food-spiciness,,Pass,90,cards=10; paragraphs=11; faq=true,
static,food-storage,,Pass,90,cards=11; paragraphs=10; faq=true,
static,food-sweetness,,Pass,90,cards=10; paragraphs=11; faq=true,
static,food-temperature,,Pass,90,cards=11; paragraphs=10; faq=true,
static,food-temperature-preference,,Pass,90,cards=8; paragraphs=13; faq=true,
static,food-texture,,Pass,90,cards=11; paragraphs=10; faq=true,
static,food-timing,,Pass,90,cards=11; paragraphs=10; faq=true,
static,food-umami,,Pass,90,cards=10; paragraphs=11; faq=true,
static,food-waste,,Pass,90,cards=11; paragraphs=10; faq=true,
static,game-play-style,,Pass,90,cards=12; paragraphs=13; faq=true,
static,gift-choosing,,Pass,90,cards=12; paragraphs=13; faq=true,
static,gift-wrapping,,Pass,90,cards=12; paragraphs=13; faq=true,
static,grocery-shopping,,Pass,90,cards=10; paragraphs=12; faq=true,
static,hamburger-combo,,Pass,90,cards=11; paragraphs=12; faq=true,
static,hotel-breakfast,,Pass,90,cards=8; paragraphs=8; faq=true,
static,instagram-story,,Pass,90,cards=12; paragraphs=13; faq=true,
static,investment-style,,Pass,90,cards=8; paragraphs=8; faq=true,
static,jachui,,Pass,90,cards=10; paragraphs=9; faq=true,
static,kakao-reply-style,,Pass,90,cards=10; paragraphs=11; faq=true,
static,karaoke-song,,Pass,90,cards=12; paragraphs=13; faq=true,
static,kdrama-character,,Pass,90,cards=10; paragraphs=11; faq=true,
static,kdrama-mbti,,Pass,90,cards=5; paragraphs=24; faq=true,
static,kimbap-ingredient,,Pass,90,cards=12; paragraphs=13; faq=true,
static,kpop-idol,,Pass,90,cards=5; paragraphs=27; faq=true,
static,laundry-habit,,Pass,90,cards=12; paragraphs=13; faq=true,
static,leftover-handling,,Pass,90,cards=11; paragraphs=10; faq=true,
static,love-reaction,,Pass,90,cards=11; paragraphs=12; faq=true,
static,love-texting-style,,Pass,90,cards=10; paragraphs=11; faq=true,
static,lunch-decider,,Pass,90,cards=10; paragraphs=11; faq=true,
static,lunch-preference,,Pass,90,cards=8; paragraphs=13; faq=true,
static,lunchbox-style,,Pass,90,cards=12; paragraphs=13; faq=true,
static,market-choice,,Pass,90,cards=10; paragraphs=12; faq=true,
static,meal-balance,,Pass,90,cards=8; paragraphs=13; faq=true,
static,meal-cleanup,,Pass,90,cards=8; paragraphs=13; faq=true,
static,meal-duration,,Pass,90,cards=8; paragraphs=13; faq=true,
static,meal-etiquette,,Pass,90,cards=8; paragraphs=13; faq=true,
static,meal-frequency,,Pass,90,cards=8; paragraphs=13; faq=true,
static,meal-group,,Pass,90,cards=8; paragraphs=13; faq=true,
static,meal-leftover,,Pass,90,cards=8; paragraphs=13; faq=true,
static,meal-order,,Pass,90,cards=8; paragraphs=13; faq=true,
static,meal-pacing,,Pass,90,cards=8; paragraphs=13; faq=true,
static,meal-planning,,Pass,90,cards=8; paragraphs=13; faq=true,
static,meal-prep,,Pass,90,cards=12; paragraphs=13; faq=true,
static,meal-preparation,,Pass,90,cards=8; paragraphs=13; faq=true,
static,meal-serving,,Pass,90,cards=8; paragraphs=13; faq=true,
static,meal-sharing,,Pass,90,cards=8; paragraphs=13; faq=true,
static,meal-social,,Pass,90,cards=8; paragraphs=13; faq=true,
static,meal-solo,,Pass,90,cards=8; paragraphs=13; faq=true,
static,meat-grilling,,Pass,90,cards=12; paragraphs=13; faq=true,
static,meeting-villain,,Pass,90,cards=8; paragraphs=8; faq=true,
static,midnight-snack,,Pass,90,cards=8; paragraphs=13; faq=true,
static,mirror-habit,,Pass,90,cards=12; paragraphs=13; faq=true,
static,morning-alarm,,Pass,90,cards=13; paragraphs=19; faq=true,
static,morning-breakfast,,Pass,90,cards=11; paragraphs=18; faq=true,
static,morning-coffee,,Pass,90,cards=11; paragraphs=18; faq=true,
static,morning-commute,,Pass,90,cards=11; paragraphs=18; faq=true,
static,morning-energy,,Pass,90,cards=11; paragraphs=18; faq=true,
static,morning-mood,,Pass,90,cards=11; paragraphs=18; faq=true,
static,morning-outfit,,Pass,90,cards=11; paragraphs=18; faq=true,
static,morning-phone,,Pass,90,cards=13; paragraphs=19; faq=true,
static,morning-rush,,Pass,90,cards=11; paragraphs=18; faq=true,
static,morning-shower,,Pass,90,cards=11; paragraphs=18; faq=true,
static,movie-theater-style,,Pass,90,cards=10; paragraphs=9; faq=true,
static,music-taste,,Pass,90,cards=10; paragraphs=9; faq=true,
static,noodle-eating,,Pass,90,cards=12; paragraphs=13; faq=true,
static,ntrp-test,,Pass,90,cards=15; paragraphs=12; faq=true,
static,online-food,,Pass,90,cards=10; paragraphs=12; faq=true,
static,ott-habits,,Pass,90,cards=11; paragraphs=12; faq=true,
static,pet-mbti,,Pass,90,cards=14; paragraphs=14; faq=true,
static,phone-app-organization,,Pass,90,cards=11; paragraphs=18; faq=true,
static,phone-backup,,Pass,90,cards=11; paragraphs=18; faq=true,
static,phone-battery,,Pass,90,cards=11; paragraphs=18; faq=true,
static,phone-message,,Pass,90,cards=11; paragraphs=18; faq=true,
static,phone-notification,,Pass,90,cards=11; paragraphs=18; faq=true,
static,phone-payment,,Pass,90,cards=11; paragraphs=18; faq=true,
static,phone-photo,,Pass,90,cards=11; paragraphs=18; faq=true,
static,phone-search,,Pass,90,cards=11; paragraphs=18; faq=true,
static,phone-social-media,,Pass,90,cards=11; paragraphs=18; faq=true,
static,phone-storage,,Pass,90,cards=11; paragraphs=18; faq=true,
static,phone-style,,Pass,90,cards=9; paragraphs=12; faq=true,
static,phone-usage,,Pass,90,cards=15; paragraphs=19; faq=true,
static,pizza-topping,,Pass,90,cards=12; paragraphs=13; faq=true,
static,ramen-mbti,,Pass,90,cards=13; paragraphs=14; faq=true,
static,restaurant-ambiance,,Pass,90,cards=10; paragraphs=12; faq=true,
static,restaurant-choice,,Pass,90,cards=12; paragraphs=13; faq=true,
static,restaurant-menu,,Pass,90,cards=10; paragraphs=12; faq=true,
static,restaurant-price,,Pass,90,cards=10; paragraphs=12; faq=true,
static,restaurant-reservation,,Pass,90,cards=10; paragraphs=12; faq=true,
static,restaurant-service,,Pass,90,cards=10; paragraphs=12; faq=true,
static,rice-eating,,Pass,90,cards=12; paragraphs=13; faq=true,
static,salad-dressing,,Pass,90,cards=12; paragraphs=13; faq=true,
static,shopping-style,,Pass,90,cards=10; paragraphs=11; faq=true,
static,shower-habit,,Pass,90,cards=12; paragraphs=13; faq=true,
static,skin-routine,,Pass,90,cards=9; paragraphs=12; faq=true,
static,sleep-chronotype,,Pass,90,cards=10; paragraphs=13; faq=true,
static,snack-preference,,Pass,90,cards=8; paragraphs=13; faq=true,
static,snack-time,,Pass,90,cards=12; paragraphs=13; faq=true,
static,snowwhite-mbti,,Pass,90,cards=17; paragraphs=19; faq=true,
static,sock-wearing,,Pass,90,cards=12; paragraphs=13; faq=true,
static,soup-eating,,Pass,90,cards=12; paragraphs=13; faq=true,
static,soup-vs-bibim,,Pass,90,cards=12; paragraphs=13; faq=true,
static,spending-style,,Pass,90,cards=9; paragraphs=12; faq=true,
static,spice-tolerance,,Pass,90,cards=8; paragraphs=8; faq=true,
static,stew-vs-soup,,Pass,90,cards=12; paragraphs=13; faq=true,
static,store-choice,,Pass,90,cards=10; paragraphs=12; faq=true,
static,study-mbti,,Pass,90,cards=13; paragraphs=14; faq=true,
static,subway-vs-bus,,Pass,90,cards=12; paragraphs=13; faq=true,
static,taste-preference,,Pass,90,cards=12; paragraphs=13; faq=true,
static,travel-style,,Pass,90,cards=10; paragraphs=9; faq=true,
static,water-drinking,,Pass,90,cards=12; paragraphs=13; faq=true,
static,weekend-balance,,Pass,90,cards=11; paragraphs=18; faq=true,
static,weekend-chore,,Pass,90,cards=11; paragraphs=18; faq=true,
static,weekend-food,,Pass,90,cards=11; paragraphs=18; faq=true,
static,weekend-hobby,,Pass,90,cards=11; paragraphs=18; faq=true,
static,weekend-lazy,,Pass,90,cards=11; paragraphs=18; faq=true,
static,weekend-planning,,Pass,90,cards=11; paragraphs=18; faq=true,
static,weekend-rest,,Pass,90,cards=11; paragraphs=18; faq=true,
static,weekend-shopping,,Pass,90,cards=11; paragraphs=18; faq=true,
static,weekend-social,,Pass,90,cards=11; paragraphs=18; faq=true,
static,weekend-travel,,Pass,90,cards=11; paragraphs=18; faq=true,
static,youtube-habit,,Pass,90,cards=13; paragraphs=13; faq=true,
static,zombie-survival,,Pass,90,cards=8; paragraphs=8; faq=true,
database,asset-account-split-wave6,draft,Pass,90,results=16/16; avgSummary=230; thinRows=0,
database,asset-advisor-meet-wave6,draft,Pass,90,results=16/16; avgSummary=247; thinRows=0,
database,asset-bond-buy-wave6,draft,Pass,90,results=16/16; avgSummary=247; thinRows=0,
database,asset-credit-score-wave6,draft,Pass,90,results=16/16; avgSummary=202; thinRows=0,
database,asset-crypto-decide-wave6,draft,Pass,90,results=16/16; avgSummary=202; thinRows=0,
database,asset-dividend-pick-wave6,draft,Pass,90,results=16/16; avgSummary=279; thinRows=0,
database,asset-donation-set-wave6,draft,Pass,90,results=16/16; avgSummary=247; thinRows=0,
database,asset-etf-allocate-wave6,draft,Pass,90,results=16/16; avgSummary=230; thinRows=0,
database,asset-financial-news-wave6,draft,Pass,90,results=16/16; avgSummary=247; thinRows=0,
database,asset-fixed-deposit-wave6,draft,Pass,90,results=16/16; avgSummary=263; thinRows=0,
database,asset-fund-pick-wave6,draft,Pass,90,results=16/16; avgSummary=247; thinRows=0,
database,asset-installment-saving-wave6,draft,Pass,90,results=16/16; avgSummary=285; thinRows=0,
database,asset-insurance-review-wave6,draft,Pass,90,results=16/16; avgSummary=247; thinRows=0,
database,asset-loan-compare-wave6,draft,Pass,90,results=16/16; avgSummary=247; thinRows=0,
database,asset-monthly-budget-wave6,draft,Pass,90,results=16/16; avgSummary=263; thinRows=0,
database,asset-mortgage-plan-wave6,draft,Pass,90,results=16/16; avgSummary=230; thinRows=0,
database,asset-pension-add-wave6,draft,Pass,90,results=16/16; avgSummary=247; thinRows=0,
database,asset-rainy-day-fund-wave6,draft,Pass,90,results=16/16; avgSummary=185; thinRows=0,
database,asset-real-estate-look-wave6,draft,Pass,90,results=16/16; avgSummary=185; thinRows=0,
database,asset-saving-rate-wave6,draft,Pass,90,results=16/16; avgSummary=247; thinRows=0,
database,asset-spending-track-wave6,draft,Pass,90,results=16/16; avgSummary=247; thinRows=0,
database,asset-stock-buy-wave6,draft,Pass,90,results=16/16; avgSummary=247; thinRows=0,
database,asset-stock-sell-wave6,draft,Pass,90,results=16/16; avgSummary=247; thinRows=0,
database,asset-tax-deduction-wave6,draft,Pass,90,results=16/16; avgSummary=263; thinRows=0,
database,asset-wealth-record-wave6,draft,Pass,90,results=16/16; avgSummary=247; thinRows=0,
database,bond-club-greet-wave5,draft,Pass,90,results=16/16; avgSummary=161; thinRows=0,
database,bond-cousin-call-wave5,draft,Pass,90,results=16/16; avgSummary=155; thinRows=0,
database,bond-friend-distance-wave5,draft,Pass,90,results=16/16; avgSummary=162; thinRows=0,
database,bond-friend-parent-wave5,draft,Pass,90,results=16/16; avgSummary=158; thinRows=0,
database,bond-friend-quarrel-wave5,draft,Pass,90,results=16/16; avgSummary=156; thinRows=0,
database,bond-friend-wedding-wave5,draft,Pass,90,results=16/16; avgSummary=157; thinRows=0,
database,bond-greet-length-wave5,draft,Pass,90,results=16/16; avgSummary=155; thinRows=0,
database,bond-holiday-message-wave5,draft,Pass,90,results=16/16; avgSummary=158; thinRows=0,
database,bond-inlaw-title-wave5,draft,Pass,90,results=16/16; avgSummary=156; thinRows=0,
database,bond-junior-care-wave5,draft,Pass,90,results=16/16; avgSummary=156; thinRows=0,
database,bond-kind-thanks-wave5,draft,Pass,90,results=16/16; avgSummary=155; thinRows=0,
database,bond-new-colleague-wave5,draft,Pass,90,results=16/16; avgSummary=155; thinRows=0,
database,bond-new-family-wave5,draft,Pass,90,results=16/16; avgSummary=160; thinRows=0,
database,bond-old-classmate-wave5,draft,Pass,90,results=16/16; avgSummary=154; thinRows=0,
database,bond-parent-check-wave5,draft,Pass,90,results=16/16; avgSummary=156; thinRows=0,
database,bond-parent-meet-wave5,draft,Pass,90,results=16/16; avgSummary=157; thinRows=0,
database,bond-partner-promise-wave5,draft,Pass,90,results=16/16; avgSummary=155; thinRows=0,
database,bond-reconcile-step-wave5,draft,Pass,90,results=16/16; avgSummary=155; thinRows=0,
database,bond-relative-meet-wave5,draft,Pass,90,results=16/16; avgSummary=156; thinRows=0,
database,bond-secret-share-wave5,draft,Pass,90,results=16/16; avgSummary=156; thinRows=0,
database,bond-senior-care-wave5,draft,Pass,90,results=16/16; avgSummary=155; thinRows=0,
database,bond-shared-meal-wave5,draft,Pass,90,results=16/16; avgSummary=155; thinRows=0,
database,bond-sibling-tone-wave5,draft,Pass,90,results=16/16; avgSummary=155; thinRows=0,
database,bond-soft-refusal-wave5,draft,Pass,90,results=16/16; avgSummary=156; thinRows=0,
database,bond-wellbeing-card-wave5,draft,Pass,90,results=16/16; avgSummary=155; thinRows=0,
database,buy-after-ad-wave5,draft,Pass,90,results=16/16; avgSummary=149; thinRows=0,
database,buy-after-impulse-wave5,draft,Pass,90,results=16/16; avgSummary=148; thinRows=0,
database,buy-collection-start-wave5,draft,Pass,90,results=16/16; avgSummary=157; thinRows=0,
database,buy-color-pick-wave5,draft,Pass,90,results=16/16; avgSummary=148; thinRows=0,
database,buy-demo-try-wave5,draft,Pass,90,results=16/16; avgSummary=155; thinRows=0,
database,buy-eco-tag-wave5,draft,Pass,90,results=16/16; avgSummary=148; thinRows=0,
database,buy-first-try-wave5,draft,Pass,90,results=16/16; avgSummary=152; thinRows=0,
database,buy-friend-recommend-wave5,draft,Pass,90,results=16/16; avgSummary=152; thinRows=0,
database,buy-gift-receipt-wave5,draft,Pass,90,results=16/16; avgSummary=148; thinRows=0,
database,buy-installment-wave5,draft,Pass,90,results=16/16; avgSummary=148; thinRows=0,
database,buy-item-dispose-wave5,draft,Pass,90,results=16/16; avgSummary=155; thinRows=0,
database,buy-label-check-wave5,draft,Pass,90,results=16/16; avgSummary=155; thinRows=0,
database,buy-luxury-review-wave5,draft,Pass,90,results=16/16; avgSummary=155; thinRows=0,
database,buy-membership-join-wave5,draft,Pass,90,results=16/16; avgSummary=157; thinRows=0,
database,buy-new-card-wave5,draft,Pass,90,results=16/16; avgSummary=149; thinRows=0,
database,buy-new-launch-wave5,draft,Pass,90,results=16/16; avgSummary=156; thinRows=0,
database,buy-points-use-wave5,draft,Pass,90,results=16/16; avgSummary=154; thinRows=0,
database,buy-regular-shop-wave5,draft,Pass,90,results=16/16; avgSummary=155; thinRows=0,
database,buy-review-write-wave5,draft,Pass,90,results=16/16; avgSummary=156; thinRows=0,
database,buy-size-compare-wave5,draft,Pass,90,results=16/16; avgSummary=157; thinRows=0,
database,buy-store-loop-wave5,draft,Pass,90,results=16/16; avgSummary=149; thinRows=0,
database,buy-store-staff-wave5,draft,Pass,90,results=16/16; avgSummary=152; thinRows=0,
database,buy-subscribe-set-wave5,draft,Pass,90,results=16/16; avgSummary=149; thinRows=0,
database,buy-vintage-pick-wave5,draft,Pass,90,results=16/16; avgSummary=150; thinRows=0,
database,buy-visit-count-wave5,draft,Pass,90,results=16/16; avgSummary=152; thinRows=0,
database,care-before-work-wave5,draft,Pass,90,results=16/16; avgSummary=148; thinRows=0,
database,care-breath-count-wave5,draft,Pass,90,results=16/16; avgSummary=146; thinRows=0,
database,care-diary-close-wave5,draft,Pass,90,results=16/16; avgSummary=164; thinRows=0,
database,care-digital-detox-wave5,draft,Pass,90,results=16/16; avgSummary=148; thinRows=0,
database,care-feeling-diary-wave5,draft,Pass,90,results=16/16; avgSummary=164; thinRows=0,
database,care-ground-feet-wave5,draft,Pass,90,results=16/16; avgSummary=201; thinRows=0,
database,care-mindful-step-wave5,draft,Pass,90,results=16/16; avgSummary=164; thinRows=0,
database,care-mirror-greet-wave5,draft,Pass,90,results=16/16; avgSummary=164; thinRows=0,
database,care-morning-meditate-wave5,draft,Pass,90,results=16/16; avgSummary=164; thinRows=0,
database,care-one-memo-wave5,draft,Pass,90,results=16/16; avgSummary=146; thinRows=0,
database,care-one-page-wave5,draft,Pass,90,results=16/16; avgSummary=148; thinRows=0,
database,care-one-photo-wave5,draft,Pass,90,results=16/16; avgSummary=146; thinRows=0,
database,care-one-song-wave5,draft,Pass,90,results=16/16; avgSummary=146; thinRows=0,
database,care-one-tea-wave5,draft,Pass,90,results=16/16; avgSummary=164; thinRows=0,
database,care-phone-away-wave5,draft,Pass,90,results=16/16; avgSummary=146; thinRows=0,
database,care-plant-look-wave5,draft,Pass,90,results=16/16; avgSummary=164; thinRows=0,
database,care-rest-signal-wave5,draft,Pass,90,results=16/16; avgSummary=164; thinRows=0,
database,care-scent-breath-wave5,draft,Pass,90,results=16/16; avgSummary=146; thinRows=0,
database,care-self-soothe-wave5,draft,Pass,90,results=16/16; avgSummary=164; thinRows=0,
database,care-short-walk-wave5,draft,Pass,90,results=16/16; avgSummary=164; thinRows=0,
database,care-sun-five-wave5,draft,Pass,90,results=16/16; avgSummary=164; thinRows=0,
database,care-tidy-one-min-wave5,draft,Pass,90,results=16/16; avgSummary=164; thinRows=0,
database,care-visualize-scene-wave5,draft,Pass,90,results=16/16; avgSummary=198; thinRows=0,
database,care-walk-meditate-wave5,draft,Pass,90,results=16/16; avgSummary=164; thinRows=0,
database,care-warm-water-wave5,draft,Pass,90,results=16/16; avgSummary=154; thinRows=0,
database,career-after-party-wave5,draft,Pass,90,results=16/16; avgSummary=150; thinRows=0,
database,career-approval-hold-wave5,draft,Pass,90,results=16/16; avgSummary=174; thinRows=0,
database,career-board-use-wave5,draft,Pass,90,results=16/16; avgSummary=150; thinRows=0,
database,career-business-trip-wave5,draft,Pass,90,results=16/16; avgSummary=174; thinRows=0,
database,career-commute-route-wave5,draft,Pass,90,results=16/16; avgSummary=157; thinRows=0,
database,career-company-event-wave5,draft,Pass,90,results=16/16; avgSummary=174; thinRows=0,
database,career-desk-tidy-wave5,draft,Pass,90,results=16/16; avgSummary=157; thinRows=0,
database,career-external-meet-wave5,draft,Pass,90,results=16/16; avgSummary=174; thinRows=0,
database,career-first-greet-wave5,draft,Pass,90,results=16/16; avgSummary=174; thinRows=0,
database,career-hr-review-wave5,draft,Pass,90,results=16/16; avgSummary=150; thinRows=0,
database,career-leave-apply-wave5,draft,Pass,90,results=16/16; avgSummary=174; thinRows=0,
database,career-lunch-invite-wave5,draft,Pass,90,results=16/16; avgSummary=150; thinRows=0,
database,career-lunch-pick-wave5,draft,Pass,90,results=16/16; avgSummary=150; thinRows=0,
database,career-mail-tone-wave5,draft,Pass,90,results=16/16; avgSummary=148; thinRows=0,
database,career-meeting-seat-wave5,draft,Pass,90,results=16/16; avgSummary=174; thinRows=0,
database,career-new-mentor-wave5,draft,Pass,90,results=16/16; avgSummary=157; thinRows=0,
database,career-next-week-plan-wave5,draft,Pass,90,results=16/16; avgSummary=148; thinRows=0,
database,career-off-time-protect-wave5,draft,Pass,90,results=16/16; avgSummary=150; thinRows=0,
database,career-overtime-call-wave5,draft,Pass,90,results=16/16; avgSummary=174; thinRows=0,
database,career-progress-share-wave5,draft,Pass,90,results=16/16; avgSummary=174; thinRows=0,
database,career-rest-timing-wave5,draft,Pass,90,results=16/16; avgSummary=174; thinRows=0,
database,career-schedule-change-wave5,draft,Pass,90,results=16/16; avgSummary=150; thinRows=0,
database,career-slack-reply-wave5,draft,Pass,90,results=16/16; avgSummary=157; thinRows=0,
database,career-title-call-wave5,draft,Pass,90,results=16/16; avgSummary=174; thinRows=0,
database,career-workshop-join-wave5,draft,Pass,90,results=16/16; avgSummary=157; thinRows=0,
database,choice-appointment-reschedule,draft,Pass,90,results=16/16; avgSummary=288; thinRows=0,
database,choice-crowded-place-response,draft,Pass,90,results=16/16; avgSummary=291; thinRows=0,
database,choice-daily-route-change,draft,Pass,90,results=16/16; avgSummary=291; thinRows=0,
database,choice-elevator-wait-choice,draft,Pass,90,results=16/16; avgSummary=291; thinRows=0,
database,choice-lost-and-found-action,draft,Pass,90,results=16/16; avgSummary=282; thinRows=0,
database,choice-lost-direction-ask,draft,Pass,90,results=16/16; avgSummary=288; thinRows=0,
database,choice-lost-receipt-handling,draft,Pass,90,results=16/16; avgSummary=291; thinRows=0,
database,choice-new-place-adaptation,draft,Pass,90,results=16/16; avgSummary=288; thinRows=0,
database,choice-noise-complaint-style,draft,Pass,90,results=16/16; avgSummary=291; thinRows=0,
database,choice-plan-b-ready,draft,Pass,90,results=16/16; avgSummary=291; thinRows=0,
database,choice-public-device-use,draft,Pass,90,results=16/16; avgSummary=288; thinRows=0,
database,choice-public-manner-check,draft,Pass,90,results=16/16; avgSummary=285; thinRows=0,
database,choice-queue-line-choice,draft,Pass,90,results=16/16; avgSummary=297; thinRows=0,
database,choice-repair-or-replace,draft,Pass,90,results=16/16; avgSummary=294; thinRows=0,
database,choice-schedule-overlap-choice,draft,Pass,90,results=16/16; avgSummary=291; thinRows=0,
database,choice-seat-choice-public,draft,Pass,90,results=16/16; avgSummary=297; thinRows=0,
database,choice-small-risk-check,draft,Pass,90,results=16/16; avgSummary=291; thinRows=0,
database,choice-time-gap-filling,draft,Pass,90,results=16/16; avgSummary=300; thinRows=0,
database,choice-unexpected-call-response,draft,Pass,90,results=16/16; avgSummary=294; thinRows=0,
database,choice-waiting-message-send,draft,Pass,90,results=16/16; avgSummary=288; thinRows=0,
database,daily-bag-lightening-wave4,draft,Pass,90,results=16/16; avgSummary=168; thinRows=0,
database,daily-calendar-review-wave4,draft,Pass,90,results=16/16; avgSummary=167; thinRows=0,
database,daily-closet-hanger-wave4,draft,Pass,90,results=16/16; avgSummary=168; thinRows=0,
database,daily-delivery-unpack-wave4,draft,Pass,90,results=16/16; avgSummary=168; thinRows=0,
database,daily-door-lock-check-wave4,draft,Pass,90,results=16/16; avgSummary=169; thinRows=0,
database,daily-fridge-reset-wave4,draft,Pass,90,results=16/16; avgSummary=168; thinRows=0,
database,daily-home-lighting-wave4,draft,Pass,90,results=16/16; avgSummary=171; thinRows=0,
database,daily-house-chore-order-wave4,draft,Pass,90,results=16/16; avgSummary=168; thinRows=0,
database,daily-laundry-sort-wave4,draft,Pass,90,results=16/16; avgSummary=169; thinRows=0,
database,daily-morning-water-wave4,draft,Pass,90,results=16/16; avgSummary=173; thinRows=0,
database,daily-night-charging-wave4,draft,Pass,90,results=16/16; avgSummary=170; thinRows=0,
database,daily-receipt-box-wave4,draft,Pass,90,results=16/16; avgSummary=169; thinRows=0,
database,daily-shoe-shelf-wave4,draft,Pass,90,results=16/16; avgSummary=169; thinRows=0,
database,daily-sink-cleanup-wave4,draft,Pass,90,results=16/16; avgSummary=168; thinRows=0,
database,daily-sleepwear-choice-wave4,draft,Pass,90,results=16/16; avgSummary=166; thinRows=0,
database,daily-snack-drawer-wave4,draft,Pass,90,results=16/16; avgSummary=173; thinRows=0,
database,daily-table-reset-wave4,draft,Pass,90,results=16/16; avgSummary=167; thinRows=0,
database,daily-umbrella-check-wave4,draft,Pass,90,results=16/16; avgSummary=168; thinRows=0,
database,digital-ai-question-wave4,draft,Pass,90,results=16/16; avgSummary=172; thinRows=0,
database,digital-app-folder-wave4,draft,Pass,90,results=16/16; avgSummary=170; thinRows=0,
database,digital-browser-extension-wave4,draft,Pass,90,results=16/16; avgSummary=176; thinRows=0,
database,digital-chat-archive-wave4,draft,Pass,90,results=16/16; avgSummary=167; thinRows=0,
database,digital-cloud-backup-wave4,draft,Pass,90,results=16/16; avgSummary=169; thinRows=0,
database,digital-desktop-wallpaper-choice,draft,Pass,90,results=16/16; avgSummary=284; thinRows=0,
database,digital-device-update-wave4,draft,Pass,90,results=16/16; avgSummary=169; thinRows=0,
database,digital-device-upgrade-timing,draft,Pass,90,results=16/16; avgSummary=293; thinRows=0,
database,digital-digital-calendar-wave4,draft,Pass,90,results=16/16; avgSummary=169; thinRows=0,
database,digital-email-inbox-wave4,draft,Pass,90,results=16/16; avgSummary=170; thinRows=0,
database,digital-email-label-rules,draft,Pass,90,results=16/16; avgSummary=293; thinRows=0,
database,digital-file-name-wave4,draft,Pass,90,results=16/16; avgSummary=171; thinRows=0,
database,digital-map-save-wave4,draft,Pass,90,results=16/16; avgSummary=171; thinRows=0,
database,digital-memo-tag-wave4,draft,Pass,90,results=16/16; avgSummary=166; thinRows=0,
database,digital-messenger-muted-chat,draft,Pass,90,results=16/16; avgSummary=290; thinRows=0,
database,digital-notification-badge-wave4,draft,Pass,90,results=16/16; avgSummary=172; thinRows=0,
database,digital-online-profile-update,draft,Pass,90,results=16/16; avgSummary=296; thinRows=0,
database,digital-online-review-wave4,draft,Pass,90,results=16/16; avgSummary=173; thinRows=0,
database,digital-password-manager-wave4,draft,Pass,90,results=16/16; avgSummary=170; thinRows=0,
database,digital-photo-duplicate-wave4,draft,Pass,90,results=16/16; avgSummary=171; thinRows=0,
database,digital-profile-picture-wave4,draft,Pass,90,results=16/16; avgSummary=173; thinRows=0,
database,digital-screen-time-wave4,draft,Pass,90,results=16/16; avgSummary=171; thinRows=0,
database,digital-search-bookmark-wave4,draft,Pass,90,results=16/16; avgSummary=168; thinRows=0,
database,digital-shopping-cart-wave4,draft,Pass,90,results=16/16; avgSummary=170; thinRows=0,
database,digital-video-queue-wave4,draft,Pass,90,results=16/16; avgSummary=174; thinRows=0,
database,drive-air-freshener-wave6,draft,Pass,90,results=16/16; avgSummary=194; thinRows=0,
database,drive-car-snack-wave6,draft,Pass,90,results=16/16; avgSummary=202; thinRows=0,
database,drive-dashcam-view-wave6,draft,Pass,90,results=16/16; avgSummary=164; thinRows=0,
database,drive-dent-fix-wave6,draft,Pass,90,results=16/16; avgSummary=230; thinRows=0,
database,drive-engine-warmup-wave6,draft,Pass,90,results=16/16; avgSummary=211; thinRows=0,
database,drive-fuel-economy-wave6,draft,Pass,90,results=16/16; avgSummary=211; thinRows=0,
database,drive-fuel-fill-wave6,draft,Pass,90,results=16/16; avgSummary=211; thinRows=0,
database,drive-highway-speed-wave6,draft,Pass,90,results=16/16; avgSummary=155; thinRows=0,
database,drive-honk-use-wave6,draft,Pass,90,results=16/16; avgSummary=211; thinRows=0,
database,drive-lane-change-wave6,draft,Pass,90,results=16/16; avgSummary=230; thinRows=0,
database,drive-music-drive-wave6,draft,Pass,90,results=16/16; avgSummary=164; thinRows=0,
database,drive-nav-trust-wave6,draft,Pass,90,results=16/16; avgSummary=230; thinRows=0,
database,drive-night-drive-wave6,draft,Pass,90,results=16/16; avgSummary=230; thinRows=0,
database,drive-park-style-wave6,draft,Pass,90,results=16/16; avgSummary=202; thinRows=0,
database,drive-passenger-care-wave6,draft,Pass,90,results=16/16; avgSummary=202; thinRows=0,
database,drive-pedestrian-wait-wave6,draft,Pass,90,results=16/16; avgSummary=202; thinRows=0,
database,drive-radio-listen-drive-wave6,draft,Pass,90,results=16/16; avgSummary=194; thinRows=0,
database,drive-repair-timing-wave6,draft,Pass,90,results=16/16; avgSummary=194; thinRows=0,
database,drive-reverse-park-wave6,draft,Pass,90,results=16/16; avgSummary=211; thinRows=0,
database,drive-seatbelt-back-wave6,draft,Pass,90,results=16/16; avgSummary=147; thinRows=0,
database,drive-tire-check-wave6,draft,Pass,90,results=16/16; avgSummary=194; thinRows=0,
database,drive-traffic-jam-wave6,draft,Pass,90,results=16/16; avgSummary=230; thinRows=0,
database,drive-wash-routine-wave6,draft,Pass,90,results=16/16; avgSummary=230; thinRows=0,
database,drive-wiper-replace-wave6,draft,Pass,90,results=16/16; avgSummary=202; thinRows=0,
database,drive-yellow-light-wave6,draft,Pass,90,results=16/16; avgSummary=147; thinRows=0,
database,emotion-alone-reset-wave4,draft,Pass,90,results=16/16; avgSummary=174; thinRows=0,
database,emotion-anger-cool-wave4,draft,Pass,90,results=16/16; avgSummary=175; thinRows=0,
database,emotion-anger-cooldown-style,draft,Pass,90,results=16/16; avgSummary=286; thinRows=0,
database,emotion-apology-readiness,draft,Pass,90,results=16/16; avgSummary=289; thinRows=0,
database,emotion-apology-ready-wave4,draft,Pass,90,results=16/16; avgSummary=175; thinRows=0,
database,emotion-bad-news-processing,draft,Pass,90,results=16/16; avgSummary=292; thinRows=0,
database,emotion-comfort-object-choice,draft,Pass,90,results=16/16; avgSummary=289; thinRows=0,
database,emotion-comfort-object-wave4,draft,Pass,90,results=16/16; avgSummary=174; thinRows=0,
database,emotion-compliment-memory-wave4,draft,Pass,90,results=16/16; avgSummary=174; thinRows=0,
database,emotion-criticism-response-wave4,draft,Pass,90,results=16/16; avgSummary=175; thinRows=0,
database,emotion-decision-anxiety-care,draft,Pass,90,results=16/16; avgSummary=292; thinRows=0,
database,emotion-decision-worry-wave4,draft,Pass,90,results=16/16; avgSummary=175; thinRows=0,
database,emotion-embarrassment-recovery,draft,Pass,90,results=16/16; avgSummary=283; thinRows=0,
database,emotion-energy-low-wave4,draft,Pass,90,results=16/16; avgSummary=181; thinRows=0,
database,emotion-good-news-sharing,draft,Pass,90,results=16/16; avgSummary=289; thinRows=0,
database,emotion-heart-boundary-wave4,draft,Pass,90,results=16/16; avgSummary=175; thinRows=0,
database,emotion-lonely-evening-plan,draft,Pass,90,results=16/16; avgSummary=292; thinRows=0,
database,emotion-memory-box-opening,draft,Pass,90,results=16/16; avgSummary=286; thinRows=0,
database,emotion-memory-box-wave4,draft,Pass,90,results=16/16; avgSummary=175; thinRows=0,
database,emotion-mood-music-choice,draft,Pass,90,results=16/16; avgSummary=292; thinRows=0,
database,emotion-mood-note-wave4,draft,Pass,90,results=16/16; avgSummary=174; thinRows=0,
database,emotion-new-environment-wave4,draft,Pass,90,results=16/16; avgSummary=179; thinRows=0,
database,emotion-nostalgia-response,draft,Pass,90,results=16/16; avgSummary=289; thinRows=0,
database,emotion-overthinking-stop,draft,Pass,90,results=16/16; avgSummary=289; thinRows=0,
database,emotion-pride-expression,draft,Pass,90,results=16/16; avgSummary=283; thinRows=0,
database,emotion-regret-handle-wave4,draft,Pass,90,results=16/16; avgSummary=176; thinRows=0,
database,emotion-regret-review-style,draft,Pass,90,results=16/16; avgSummary=286; thinRows=0,
database,emotion-sad-day-wave4,draft,Pass,90,results=16/16; avgSummary=180; thinRows=0,
database,emotion-self-talk-wave4,draft,Pass,90,results=16/16; avgSummary=175; thinRows=0,
database,emotion-sleep-thought-wave4,draft,Pass,90,results=16/16; avgSummary=180; thinRows=0,
database,emotion-stress-room-reset,draft,Pass,90,results=16/16; avgSummary=292; thinRows=0,
database,emotion-stress-signal-wave4,draft,Pass,90,results=16/16; avgSummary=179; thinRows=0,
database,emotion-thanks-accept-wave4,draft,Pass,90,results=16/16; avgSummary=182; thinRows=0,
database,emotion-thanks-acceptance,draft,Pass,90,results=16/16; avgSummary=292; thinRows=0,
database,emotion-worry-note-style,draft,Pass,90,results=16/16; avgSummary=280; thinRows=0,
database,emotion-worry-share-wave4,draft,Pass,90,results=16/16; avgSummary=174; thinRows=0,
database,hobby-baking-try-wave5,draft,Pass,90,results=16/16; avgSummary=183; thinRows=0,
database,hobby-board-game-wave5,draft,Pass,90,results=16/16; avgSummary=155; thinRows=0,
database,hobby-bookshelf-tidy-wave5,draft,Pass,90,results=16/16; avgSummary=210; thinRows=0,
database,hobby-bookstore-browsing,draft,Pass,90,results=16/16; avgSummary=283; thinRows=0,
database,hobby-camping-prep-wave5,draft,Pass,90,results=16/16; avgSummary=210; thinRows=0,
database,hobby-card-game-wave5,draft,Pass,90,results=16/16; avgSummary=227; thinRows=0,
database,hobby-class-signup-wave5,draft,Pass,90,results=16/16; avgSummary=210; thinRows=0,
database,hobby-collection-display,draft,Pass,90,results=16/16; avgSummary=283; thinRows=0,
database,hobby-coloring-set-wave5,draft,Pass,90,results=16/16; avgSummary=210; thinRows=0,
database,hobby-concert-seat-choice,draft,Pass,90,results=16/16; avgSummary=289; thinRows=0,
database,hobby-craft-kit-wave5,draft,Pass,90,results=16/16; avgSummary=183; thinRows=0,
database,hobby-craft-project-start,draft,Pass,90,results=16/16; avgSummary=280; thinRows=0,
database,hobby-creative-block-response,draft,Pass,90,results=16/16; avgSummary=286; thinRows=0,
database,hobby-cycle-ride-wave5,draft,Pass,90,results=16/16; avgSummary=155; thinRows=0,
database,hobby-dance-class-wave5,draft,Pass,90,results=16/16; avgSummary=183; thinRows=0,
database,hobby-drawing-reference-choice,draft,Pass,90,results=16/16; avgSummary=295; thinRows=0,
database,hobby-drawing-time-wave5,draft,Pass,90,results=16/16; avgSummary=183; thinRows=0,
database,hobby-embroidery-set-wave5,draft,Pass,90,results=16/16; avgSummary=210; thinRows=0,
database,hobby-game-difficulty-choice,draft,Pass,90,results=16/16; avgSummary=292; thinRows=0,
database,hobby-garden-care-wave5,draft,Pass,90,results=16/16; avgSummary=183; thinRows=0,
database,hobby-hiking-route-wave5,draft,Pass,90,results=16/16; avgSummary=210; thinRows=0,
database,hobby-hobby-budget-line,draft,Pass,90,results=16/16; avgSummary=289; thinRows=0,
database,hobby-hobby-sharing-post,draft,Pass,90,results=16/16; avgSummary=289; thinRows=0,
database,hobby-hobby-supply-shopping,draft,Pass,90,results=16/16; avgSummary=286; thinRows=0,
database,hobby-home-cafe-setup,draft,Pass,90,results=16/16; avgSummary=283; thinRows=0,
database,hobby-interior-shift-wave5,draft,Pass,90,results=16/16; avgSummary=155; thinRows=0,
database,hobby-karaoke-pick-wave5,draft,Pass,90,results=16/16; avgSummary=183; thinRows=0,
database,hobby-learning-kit-choice,draft,Pass,90,results=16/16; avgSummary=289; thinRows=0,
database,hobby-meditation-min-wave5,draft,Pass,90,results=16/16; avgSummary=210; thinRows=0,
database,hobby-movie-review-note,draft,Pass,90,results=16/16; avgSummary=289; thinRows=0,
database,hobby-museum-night-wave5,draft,Pass,90,results=16/16; avgSummary=149; thinRows=0,
database,hobby-music-practice-rhythm,draft,Pass,90,results=16/16; avgSummary=286; thinRows=0,
database,hobby-photo-edit-wave5,draft,Pass,90,results=16/16; avgSummary=210; thinRows=0,
database,hobby-photo-walk-route,draft,Pass,90,results=16/16; avgSummary=289; thinRows=0,
database,hobby-playlist-curation,draft,Pass,90,results=16/16; avgSummary=298; thinRows=0,
database,hobby-poem-read-wave5,draft,Pass,90,results=16/16; avgSummary=210; thinRows=0,
database,hobby-pottery-class-wave5,draft,Pass,90,results=16/16; avgSummary=210; thinRows=0,
database,hobby-radio-listen-wave5,draft,Pass,90,results=16/16; avgSummary=183; thinRows=0,
database,hobby-reading-list-priority,draft,Pass,90,results=16/16; avgSummary=292; thinRows=0,
database,hobby-solo-hobby-depth,draft,Pass,90,results=16/16; avgSummary=298; thinRows=0,
database,hobby-video-cut-wave5,draft,Pass,90,results=16/16; avgSummary=210; thinRows=0,
database,hobby-weekend-project-plan,draft,Pass,90,results=16/16; avgSummary=292; thinRows=0,
database,hobby-workshop-participation,draft,Pass,90,results=16/16; avgSummary=295; thinRows=0,
database,hobby-writing-start-wave5,draft,Pass,90,results=16/16; avgSummary=183; thinRows=0,
database,hobby-yoga-flow-wave5,draft,Pass,90,results=16/16; avgSummary=210; thinRows=0,
database,learn-break-timer-wave4,draft,Pass,90,results=16/16; avgSummary=165; thinRows=0,
database,learn-concept-map-wave4,draft,Pass,90,results=16/16; avgSummary=162; thinRows=0,
database,learn-deadline-study-wave4,draft,Pass,90,results=16/16; avgSummary=163; thinRows=0,
database,learn-exam-plan-wave4,draft,Pass,90,results=16/16; avgSummary=163; thinRows=0,
database,learn-flashcard-use-wave4,draft,Pass,90,results=16/16; avgSummary=166; thinRows=0,
database,learn-group-study-wave4,draft,Pass,90,results=16/16; avgSummary=164; thinRows=0,
database,learn-learning-goal-wave4,draft,Pass,90,results=16/16; avgSummary=163; thinRows=0,
database,learn-lecture-speed-wave4,draft,Pass,90,results=16/16; avgSummary=163; thinRows=0,
database,learn-note-style-wave4,draft,Pass,90,results=16/16; avgSummary=162; thinRows=0,
database,learn-online-course-wave4,draft,Pass,90,results=16/16; avgSummary=164; thinRows=0,
database,learn-question-mark-wave4,draft,Pass,90,results=16/16; avgSummary=162; thinRows=0,
database,learn-reading-highlight-wave4,draft,Pass,90,results=16/16; avgSummary=164; thinRows=0,
database,learn-resource-save-wave4,draft,Pass,90,results=16/16; avgSummary=163; thinRows=0,
database,learn-review-cycle-wave4,draft,Pass,90,results=16/16; avgSummary=162; thinRows=0,
database,learn-skill-practice-wave4,draft,Pass,90,results=16/16; avgSummary=163; thinRows=0,
database,learn-study-finish-wave4,draft,Pass,90,results=16/16; avgSummary=164; thinRows=0,
database,learn-study-place-wave4,draft,Pass,90,results=16/16; avgSummary=163; thinRows=0,
database,learn-study-start-wave4,draft,Pass,90,results=16/16; avgSummary=163; thinRows=0,
database,learn-teacher-feedback-wave4,draft,Pass,90,results=16/16; avgSummary=164; thinRows=0,
database,leisure-book-stack-wave4,draft,Pass,90,results=16/16; avgSummary=170; thinRows=0,
database,leisure-club-fit-wave4,draft,Pass,90,results=16/16; avgSummary=169; thinRows=0,
database,leisure-concert-prep-wave4,draft,Pass,90,results=16/16; avgSummary=167; thinRows=0,
database,leisure-craft-start-wave4,draft,Pass,90,results=16/16; avgSummary=169; thinRows=0,
database,leisure-creative-block-wave4,draft,Pass,90,results=16/16; avgSummary=172; thinRows=0,
database,leisure-diary-deco-wave4,draft,Pass,90,results=16/16; avgSummary=173; thinRows=0,
database,leisure-game-mode-wave4,draft,Pass,90,results=16/16; avgSummary=172; thinRows=0,
database,leisure-hobby-budget-wave4,draft,Pass,90,results=16/16; avgSummary=166; thinRows=0,
database,leisure-home-cafe-wave4,draft,Pass,90,results=16/16; avgSummary=169; thinRows=0,
database,leisure-learning-kit-wave4,draft,Pass,90,results=16/16; avgSummary=172; thinRows=0,
database,leisure-movie-pick-wave4,draft,Pass,90,results=16/16; avgSummary=169; thinRows=0,
database,leisure-museum-pace-wave4,draft,Pass,90,results=16/16; avgSummary=172; thinRows=0,
database,leisure-photo-walk-wave4,draft,Pass,90,results=16/16; avgSummary=167; thinRows=0,
database,leisure-playlist-mood-wave4,draft,Pass,90,results=16/16; avgSummary=176; thinRows=0,
database,leisure-puzzle-style-wave4,draft,Pass,90,results=16/16; avgSummary=173; thinRows=0,
database,leisure-recipe-try-wave4,draft,Pass,90,results=16/16; avgSummary=172; thinRows=0,
database,leisure-solo-time-wave4,draft,Pass,90,results=16/16; avgSummary=172; thinRows=0,
database,leisure-travel-video-wave4,draft,Pass,90,results=16/16; avgSummary=173; thinRows=0,
database,leisure-walking-route-wave4,draft,Pass,90,results=16/16; avgSummary=166; thinRows=0,
database,leisure-weekend-plan-wave4,draft,Pass,90,results=16/16; avgSummary=167; thinRows=0,
database,life-appliance-spot-wave5,draft,Pass,90,results=16/16; avgSummary=150; thinRows=0,
database,life-balcony-use-wave5,draft,Pass,90,results=16/16; avgSummary=152; thinRows=0,
database,life-bin-position-wave5,draft,Pass,90,results=16/16; avgSummary=153; thinRows=0,
database,life-candle-light-wave5,draft,Pass,90,results=16/16; avgSummary=151; thinRows=0,
database,life-container-choice-wave5,draft,Pass,90,results=16/16; avgSummary=154; thinRows=0,
database,life-cup-wash-wave5,draft,Pass,90,results=16/16; avgSummary=157; thinRows=0,
database,life-curtain-open-wave5,draft,Pass,90,results=16/16; avgSummary=153; thinRows=0,
database,life-diffuser-spot-wave5,draft,Pass,90,results=16/16; avgSummary=153; thinRows=0,
database,life-dryrack-use-wave5,draft,Pass,90,results=16/16; avgSummary=152; thinRows=0,
database,life-foodscrap-bin-wave5,draft,Pass,90,results=16/16; avgSummary=155; thinRows=0,
database,life-frame-spot-wave5,draft,Pass,90,results=16/16; avgSummary=151; thinRows=0,
database,life-furniture-layout-wave5,draft,Pass,90,results=16/16; avgSummary=151; thinRows=0,
database,life-humidifier-care-wave5,draft,Pass,90,results=16/16; avgSummary=152; thinRows=0,
database,life-laundromat-visit-wave5,draft,Pass,90,results=16/16; avgSummary=153; thinRows=0,
database,life-laundry-drying-wave5,draft,Pass,90,results=16/16; avgSummary=150; thinRows=0,
database,life-mail-sort-wave5,draft,Pass,90,results=16/16; avgSummary=152; thinRows=0,
database,life-mug-pick-wave5,draft,Pass,90,results=16/16; avgSummary=153; thinRows=0,
database,life-paperbag-keep-wave5,draft,Pass,90,results=16/16; avgSummary=155; thinRows=0,
database,life-recycle-sort-wave5,draft,Pass,90,results=16/16; avgSummary=148; thinRows=0,
database,life-rug-care-wave5,draft,Pass,90,results=16/16; avgSummary=150; thinRows=0,
database,life-slipper-pair-wave5,draft,Pass,90,results=16/16; avgSummary=152; thinRows=0,
database,life-socks-fold-wave5,draft,Pass,90,results=16/16; avgSummary=150; thinRows=0,
database,life-spice-shelf-wave5,draft,Pass,90,results=16/16; avgSummary=151; thinRows=0,
database,life-vacuum-route-wave5,draft,Pass,90,results=16/16; avgSummary=153; thinRows=0,
database,life-water-filter-wave5,draft,Pass,90,results=16/16; avgSummary=152; thinRows=0,
database,meal-bread-morning-wave6,draft,Pass,90,results=16/16; avgSummary=226; thinRows=0,
database,meal-coffee-after-wave6,draft,Pass,90,results=16/16; avgSummary=219; thinRows=0,
database,meal-cooking-mood-wave6,draft,Pass,90,results=16/16; avgSummary=148; thinRows=0,
database,meal-delivery-order-wave6,draft,Pass,90,results=16/16; avgSummary=219; thinRows=0,
database,meal-dish-order-wave6,draft,Pass,90,results=16/16; avgSummary=222; thinRows=0,
database,meal-egg-style-wave6,draft,Pass,90,results=16/16; avgSummary=222; thinRows=0,
database,meal-fridge-meal-wave6,draft,Pass,90,results=16/16; avgSummary=185; thinRows=0,
database,meal-fruit-end-wave6,draft,Pass,90,results=16/16; avgSummary=219; thinRows=0,
database,meal-leftover-keep-wave6,draft,Pass,90,results=16/16; avgSummary=156; thinRows=0,
database,meal-lunchbox-pack-wave6,draft,Pass,90,results=16/16; avgSummary=222; thinRows=0,
database,meal-meal-photo-wave6,draft,Pass,90,results=16/16; avgSummary=219; thinRows=0,
database,meal-meal-prep-wave6,draft,Pass,90,results=16/16; avgSummary=156; thinRows=0,
database,meal-new-recipe-wave6,draft,Pass,90,results=16/16; avgSummary=219; thinRows=0,
database,meal-noodle-night-wave6,draft,Pass,90,results=16/16; avgSummary=185; thinRows=0,
database,meal-plate-arrange-wave6,draft,Pass,90,results=16/16; avgSummary=219; thinRows=0,
database,meal-restaurant-pick-wave6,draft,Pass,90,results=16/16; avgSummary=222; thinRows=0,
database,meal-rice-ratio-wave6,draft,Pass,90,results=16/16; avgSummary=226; thinRows=0,
database,meal-sauce-mix-wave6,draft,Pass,90,results=16/16; avgSummary=219; thinRows=0,
database,meal-share-plate-wave6,draft,Pass,90,results=16/16; avgSummary=156; thinRows=0,
database,meal-solo-meal-mood-wave6,draft,Pass,90,results=16/16; avgSummary=222; thinRows=0,
database,meal-soup-or-stew-wave6,draft,Pass,90,results=16/16; avgSummary=219; thinRows=0,
database,meal-spice-rack-wave6,draft,Pass,90,results=16/16; avgSummary=222; thinRows=0,
database,meal-spicy-tolerance-wave6,draft,Pass,90,results=16/16; avgSummary=222; thinRows=0,
database,meal-sweet-after-wave6,draft,Pass,90,results=16/16; avgSummary=219; thinRows=0,
database,meal-takeout-frequency-wave6,draft,Pass,90,results=16/16; avgSummary=219; thinRows=0,
database,mood-anger-diary-wave5,draft,Pass,90,results=16/16; avgSummary=165; thinRows=0,
database,mood-anger-signal-wave5,draft,Pass,90,results=16/16; avgSummary=148; thinRows=0,
database,mood-burden-sign-wave5,draft,Pass,90,results=16/16; avgSummary=184; thinRows=0,
database,mood-comfort-food-wave5,draft,Pass,90,results=16/16; avgSummary=184; thinRows=0,
database,mood-comfort-music-wave5,draft,Pass,90,results=16/16; avgSummary=165; thinRows=0,
database,mood-compliment-give-wave5,draft,Pass,90,results=16/16; avgSummary=147; thinRows=0,
database,mood-envy-deal-wave5,draft,Pass,90,results=16/16; avgSummary=147; thinRows=0,
database,mood-fear-signal-wave5,draft,Pass,90,results=16/16; avgSummary=156; thinRows=0,
database,mood-heart-alarm-wave5,draft,Pass,90,results=16/16; avgSummary=165; thinRows=0,
database,mood-heart-empty-wave5,draft,Pass,90,results=16/16; avgSummary=147; thinRows=0,
database,mood-ignored-feel-wave5,draft,Pass,90,results=16/16; avgSummary=150; thinRows=0,
database,mood-jealous-hold-wave5,draft,Pass,90,results=16/16; avgSummary=156; thinRows=0,
database,mood-lonely-time-wave5,draft,Pass,90,results=16/16; avgSummary=147; thinRows=0,
database,mood-longing-hold-wave5,draft,Pass,90,results=16/16; avgSummary=149; thinRows=0,
database,mood-name-feel-wave5,draft,Pass,90,results=16/16; avgSummary=152; thinRows=0,
database,mood-new-start-wave5,draft,Pass,90,results=16/16; avgSummary=149; thinRows=0,
database,mood-refusal-feel-wave5,draft,Pass,90,results=16/16; avgSummary=149; thinRows=0,
database,mood-regret-sort-wave5,draft,Pass,90,results=16/16; avgSummary=184; thinRows=0,
database,mood-relief-feel-wave5,draft,Pass,90,results=16/16; avgSummary=150; thinRows=0,
database,mood-self-accept-wave5,draft,Pass,90,results=16/16; avgSummary=165; thinRows=0,
database,mood-self-boast-wave5,draft,Pass,90,results=16/16; avgSummary=184; thinRows=0,
database,mood-share-with-wave5,draft,Pass,90,results=16/16; avgSummary=150; thinRows=0,
database,mood-thanks-diary-wave5,draft,Pass,90,results=16/16; avgSummary=184; thinRows=0,
database,mood-thrill-show-wave5,draft,Pass,90,results=16/16; avgSummary=165; thinRows=0,
database,mood-warm-words-wave5,draft,Pass,90,results=16/16; avgSummary=156; thinRows=0,
database,music-album-cover-wave6,draft,Pass,90,results=16/16; avgSummary=191; thinRows=0,
database,music-bluetooth-speaker-wave6,draft,Pass,90,results=16/16; avgSummary=158; thinRows=0,
database,music-chart-check-wave6,draft,Pass,90,results=16/16; avgSummary=158; thinRows=0,
database,music-concert-photo-wave6,draft,Pass,90,results=16/16; avgSummary=191; thinRows=0,
database,music-cover-listen-wave6,draft,Pass,90,results=16/16; avgSummary=163; thinRows=0,
database,music-festival-go-wave6,draft,Pass,90,results=16/16; avgSummary=166; thinRows=0,
database,music-genre-explore-wave6,draft,Pass,90,results=16/16; avgSummary=191; thinRows=0,
database,music-headphone-pick-wave6,draft,Pass,90,results=16/16; avgSummary=163; thinRows=0,
database,music-instrumental-pref-wave6,draft,Pass,90,results=16/16; avgSummary=163; thinRows=0,
database,music-karaoke-list-wave6,draft,Pass,90,results=16/16; avgSummary=166; thinRows=0,
database,music-live-stream-wave6,draft,Pass,90,results=16/16; avgSummary=166; thinRows=0,
database,music-lyrics-read-wave6,draft,Pass,90,results=16/16; avgSummary=191; thinRows=0,
database,music-mood-playlist-wave6,draft,Pass,90,results=16/16; avgSummary=151; thinRows=0,
database,music-new-album-wave6,draft,Pass,90,results=16/16; avgSummary=191; thinRows=0,
database,music-podcast-mix-wave6,draft,Pass,90,results=16/16; avgSummary=166; thinRows=0,
database,music-radio-pick-wave6,draft,Pass,90,results=16/16; avgSummary=163; thinRows=0,
database,music-sleep-music-wave6,draft,Pass,90,results=16/16; avgSummary=191; thinRows=0,
database,music-solo-concert-wave6,draft,Pass,90,results=16/16; avgSummary=163; thinRows=0,
database,music-song-recommend-wave6,draft,Pass,90,results=16/16; avgSummary=218; thinRows=0,
database,music-song-share-wave6,draft,Pass,90,results=16/16; avgSummary=191; thinRows=0,
database,music-study-bgm-wave6,draft,Pass,90,results=16/16; avgSummary=163; thinRows=0,
database,music-throwback-play-wave6,draft,Pass,90,results=16/16; avgSummary=191; thinRows=0,
database,music-vinyl-listen-wave6,draft,Pass,90,results=16/16; avgSummary=191; thinRows=0,
database,music-work-music-wave6,draft,Pass,90,results=16/16; avgSummary=163; thinRows=0,
database,music-workout-music-wave6,draft,Pass,90,results=16/16; avgSummary=191; thinRows=0,
database,outing-bus-or-subway-wave6,draft,Pass,90,results=16/16; avgSummary=150; thinRows=0,
database,outing-card-or-cash-wave6,draft,Pass,90,results=16/16; avgSummary=148; thinRows=0,
database,outing-dust-check-wave6,draft,Pass,90,results=16/16; avgSummary=151; thinRows=0,
database,outing-earlier-leave-wave6,draft,Pass,90,results=16/16; avgSummary=148; thinRows=0,
database,outing-earphone-pick-wave6,draft,Pass,90,results=16/16; avgSummary=148; thinRows=0,
database,outing-forecast-glance-wave6,draft,Pass,90,results=16/16; avgSummary=150; thinRows=0,
database,outing-gas-shutoff-wave6,draft,Pass,90,results=16/16; avgSummary=149; thinRows=0,
database,outing-leave-checklist-wave6,draft,Pass,90,results=16/16; avgSummary=153; thinRows=0,
database,outing-lights-off-wave6,draft,Pass,90,results=16/16; avgSummary=146; thinRows=0,
database,outing-lipbalm-pack-wave6,draft,Pass,90,results=16/16; avgSummary=147; thinRows=0,
database,outing-map-preset-wave6,draft,Pass,90,results=16/16; avgSummary=153; thinRows=0,
database,outing-mask-pack-wave6,draft,Pass,90,results=16/16; avgSummary=149; thinRows=0,
database,outing-meeting-cafe-wave6,draft,Pass,90,results=16/16; avgSummary=147; thinRows=0,
database,outing-meeting-park-wave6,draft,Pass,90,results=16/16; avgSummary=146; thinRows=0,
database,outing-mirror-final-wave6,draft,Pass,90,results=16/16; avgSummary=149; thinRows=0,
database,outing-parking-find-wave6,draft,Pass,90,results=16/16; avgSummary=147; thinRows=0,
database,outing-public-bench-wave6,draft,Pass,90,results=16/16; avgSummary=152; thinRows=0,
database,outing-return-route-wave6,draft,Pass,90,results=16/16; avgSummary=147; thinRows=0,
database,outing-small-coin-wave6,draft,Pass,90,results=16/16; avgSummary=146; thinRows=0,
database,outing-snack-bag-wave6,draft,Pass,90,results=16/16; avgSummary=146; thinRows=0,
database,outing-solo-outing-wave6,draft,Pass,90,results=16/16; avgSummary=149; thinRows=0,
database,outing-taxi-call-wave6,draft,Pass,90,results=16/16; avgSummary=147; thinRows=0,
database,outing-umbrella-fold-wave6,draft,Pass,90,results=16/16; avgSummary=154; thinRows=0,
database,outing-walk-pace-wave6,draft,Pass,90,results=16/16; avgSummary=146; thinRows=0,
database,outing-water-bottle-wave6,draft,Pass,90,results=16/16; avgSummary=149; thinRows=0,
database,parent-academy-pick-wave6,draft,Pass,90,results=16/16; avgSummary=247; thinRows=0,
database,parent-allowance-set-wave6,draft,Pass,90,results=16/16; avgSummary=247; thinRows=0,
database,parent-bath-time-kid-wave6,draft,Pass,90,results=16/16; avgSummary=247; thinRows=0,
database,parent-bedtime-story-wave6,draft,Pass,90,results=16/16; avgSummary=247; thinRows=0,
database,parent-bedtime-talk-wave6,draft,Pass,90,results=16/16; avgSummary=175; thinRows=0,
database,parent-birthday-party-kid-wave6,draft,Pass,90,results=16/16; avgSummary=203; thinRows=0,
database,parent-chore-share-wave6,draft,Pass,90,results=16/16; avgSummary=250; thinRows=0,
database,parent-family-photo-wave6,draft,Pass,90,results=16/16; avgSummary=247; thinRows=0,
database,parent-family-trip-plan-wave6,draft,Pass,90,results=16/16; avgSummary=175; thinRows=0,
database,parent-health-checkup-kid-wave6,draft,Pass,90,results=16/16; avgSummary=203; thinRows=0,
database,parent-homework-help-wave6,draft,Pass,90,results=16/16; avgSummary=247; thinRows=0,
database,parent-lunchbox-kid-wave6,draft,Pass,90,results=16/16; avgSummary=203; thinRows=0,
database,parent-morning-routine-kid-wave6,draft,Pass,90,results=16/16; avgSummary=175; thinRows=0,
database,parent-museum-with-kid-wave6,draft,Pass,90,results=16/16; avgSummary=203; thinRows=0,
database,parent-new-friend-kid-wave6,draft,Pass,90,results=16/16; avgSummary=175; thinRows=0,
database,parent-pickup-time-wave6,draft,Pass,90,results=16/16; avgSummary=247; thinRows=0,
database,parent-playdate-wave6,draft,Pass,90,results=16/16; avgSummary=247; thinRows=0,
database,parent-praise-style-wave6,draft,Pass,90,results=16/16; avgSummary=247; thinRows=0,
database,parent-reading-with-kid-wave6,draft,Pass,90,results=16/16; avgSummary=156; thinRows=0,
database,parent-scolding-style-wave6,draft,Pass,90,results=16/16; avgSummary=250; thinRows=0,
database,parent-screen-time-kid-wave6,draft,Pass,90,results=16/16; avgSummary=175; thinRows=0,
database,parent-sibling-mediation-wave6,draft,Pass,90,results=16/16; avgSummary=247; thinRows=0,
database,parent-snack-pick-kid-wave6,draft,Pass,90,results=16/16; avgSummary=247; thinRows=0,
database,parent-teacher-meet-wave6,draft,Pass,90,results=16/16; avgSummary=250; thinRows=0,
database,parent-theme-park-wave6,draft,Pass,90,results=16/16; avgSummary=254; thinRows=0,
database,pet-away-prep-wave6,draft,Pass,90,results=16/16; avgSummary=145; thinRows=0,
database,pet-barking-handle-wave6,draft,Pass,90,results=16/16; avgSummary=211; thinRows=0,
database,pet-bath-cycle-wave6,draft,Pass,90,results=16/16; avgSummary=211; thinRows=0,
database,pet-brush-time-wave6,draft,Pass,90,results=16/16; avgSummary=211; thinRows=0,
database,pet-clean-bed-wave6,draft,Pass,90,results=16/16; avgSummary=173; thinRows=0,
database,pet-dental-care-pet-wave6,draft,Pass,90,results=16/16; avgSummary=211; thinRows=0,
database,pet-kibble-pick-wave6,draft,Pass,90,results=16/16; avgSummary=149; thinRows=0,
database,pet-leash-type-wave6,draft,Pass,90,results=16/16; avgSummary=173; thinRows=0,
database,pet-litter-clean-wave6,draft,Pass,90,results=16/16; avgSummary=173; thinRows=0,
database,pet-nail-trim-wave6,draft,Pass,90,results=16/16; avgSummary=211; thinRows=0,
database,pet-new-toy-wave6,draft,Pass,90,results=16/16; avgSummary=211; thinRows=0,
database,pet-pet-insurance-wave6,draft,Pass,90,results=16/16; avgSummary=244; thinRows=0,
database,pet-pet-name-call-wave6,draft,Pass,90,results=16/16; avgSummary=147; thinRows=0,
database,pet-pet-photo-wave6,draft,Pass,90,results=16/16; avgSummary=211; thinRows=0,
database,pet-sleep-spot-wave6,draft,Pass,90,results=16/16; avgSummary=173; thinRows=0,
database,pet-socialize-wave6,draft,Pass,90,results=16/16; avgSummary=173; thinRows=0,
database,pet-stay-home-pet-wave6,draft,Pass,90,results=16/16; avgSummary=149; thinRows=0,
database,pet-toy-rotate-wave6,draft,Pass,90,results=16/16; avgSummary=173; thinRows=0,
database,pet-training-line-wave6,draft,Pass,90,results=16/16; avgSummary=211; thinRows=0,
database,pet-treat-give-wave6,draft,Pass,90,results=16/16; avgSummary=211; thinRows=0,
database,pet-vaccine-schedule-wave6,draft,Pass,90,results=16/16; avgSummary=247; thinRows=0,
database,pet-vet-checkup-wave6,draft,Pass,90,results=16/16; avgSummary=145; thinRows=0,
database,pet-walk-route-wave6,draft,Pass,90,results=16/16; avgSummary=211; thinRows=0,
database,pet-walk-time-wave6,draft,Pass,90,results=16/16; avgSummary=211; thinRows=0,
database,pet-wet-or-dry-wave6,draft,Pass,90,results=16/16; avgSummary=211; thinRows=0,
database,read-audiobook-listen-wave6,draft,Pass,90,results=16/16; avgSummary=226; thinRows=0,
database,read-bedtime-read-wave6,draft,Pass,90,results=16/16; avgSummary=229; thinRows=0,
database,read-book-cover-wave6,draft,Pass,90,results=16/16; avgSummary=184; thinRows=0,
database,read-bookclub-join-wave6,draft,Pass,90,results=16/16; avgSummary=229; thinRows=0,
database,read-bookmark-pick-wave6,draft,Pass,90,results=16/16; avgSummary=212; thinRows=0,
database,read-bookshelf-style-wave6,draft,Pass,90,results=16/16; avgSummary=212; thinRows=0,
database,read-bookstore-walk-wave6,draft,Pass,90,results=16/16; avgSummary=229; thinRows=0,
database,read-commute-read-wave6,draft,Pass,90,results=16/16; avgSummary=212; thinRows=0,
database,read-ebook-vs-paper-wave6,draft,Pass,90,results=16/16; avgSummary=186; thinRows=0,
database,read-essay-pick-wave6,draft,Pass,90,results=16/16; avgSummary=212; thinRows=0,
database,read-finish-rate-wave6,draft,Pass,90,results=16/16; avgSummary=229; thinRows=0,
database,read-foreign-novel-wave6,draft,Pass,90,results=16/16; avgSummary=226; thinRows=0,
database,read-genre-fiction-wave6,draft,Pass,90,results=16/16; avgSummary=226; thinRows=0,
database,read-gift-book-wave6,draft,Pass,90,results=16/16; avgSummary=226; thinRows=0,
database,read-highlight-note-wave6,draft,Pass,90,results=16/16; avgSummary=212; thinRows=0,
database,read-history-book-wave6,draft,Pass,90,results=16/16; avgSummary=251; thinRows=0,
database,read-index-card-wave6,draft,Pass,90,results=16/16; avgSummary=226; thinRows=0,
database,read-library-borrow-wave6,draft,Pass,90,results=16/16; avgSummary=212; thinRows=0,
database,read-multi-book-wave6,draft,Pass,90,results=16/16; avgSummary=229; thinRows=0,
database,read-reading-cafe-wave6,draft,Pass,90,results=16/16; avgSummary=229; thinRows=0,
database,read-recommend-book-wave6,draft,Pass,90,results=16/16; avgSummary=226; thinRows=0,
database,read-reread-fav-wave6,draft,Pass,90,results=16/16; avgSummary=258; thinRows=0,
database,read-self-help-wave6,draft,Pass,90,results=16/16; avgSummary=229; thinRows=0,
database,read-short-story-wave6,draft,Pass,90,results=16/16; avgSummary=229; thinRows=0,
database,read-used-book-wave6,draft,Pass,90,results=16/16; avgSummary=251; thinRows=0,
database,relation-awkward-silence-handling,draft,Pass,90,results=16/16; avgSummary=289; thinRows=0,
database,relation-awkward-talk-wave4,draft,Pass,90,results=16/16; avgSummary=175; thinRows=0,
database,relation-birthday-call-wave4,draft,Pass,90,results=16/16; avgSummary=174; thinRows=0,
database,relation-birthday-message-tone,draft,Pass,90,results=16/16; avgSummary=289; thinRows=0,
database,relation-borrowed-item-return,draft,Pass,90,results=16/16; avgSummary=289; thinRows=0,
database,relation-comfort-message-style,draft,Pass,90,results=16/16; avgSummary=289; thinRows=0,
database,relation-comfort-style-wave4,draft,Pass,90,results=16/16; avgSummary=167; thinRows=0,
database,relation-compliment-accept-wave4,draft,Pass,90,results=16/16; avgSummary=174; thinRows=0,
database,relation-conflict-cooldown,draft,Pass,90,results=16/16; avgSummary=283; thinRows=0,
database,relation-conflict-cooldown-wave4,draft,Pass,90,results=16/16; avgSummary=171; thinRows=0,
database,relation-first-meeting-wave4,draft,Pass,90,results=16/16; avgSummary=172; thinRows=0,
database,relation-friend-boundary-wave4,draft,Pass,90,results=16/16; avgSummary=176; thinRows=0,
database,relation-gift-card-writing,draft,Pass,90,results=16/16; avgSummary=289; thinRows=0,
database,relation-gift-reaction-wave4,draft,Pass,90,results=16/16; avgSummary=167; thinRows=0,
database,relation-group-chat-tone-wave4,draft,Pass,90,results=16/16; avgSummary=169; thinRows=0,
database,relation-inside-joke-usage,draft,Pass,90,results=16/16; avgSummary=289; thinRows=0,
database,relation-invitation-reply-wave4,draft,Pass,90,results=16/16; avgSummary=168; thinRows=0,
database,relation-invitation-response,draft,Pass,90,results=16/16; avgSummary=289; thinRows=0,
database,relation-late-reply-handling,draft,Pass,90,results=16/16; avgSummary=289; thinRows=0,
database,relation-meeting-new-friend,draft,Pass,90,results=16/16; avgSummary=286; thinRows=0,
database,relation-memory-sharing-style,draft,Pass,90,results=16/16; avgSummary=289; thinRows=0,
database,relation-name-remembering-effort,draft,Pass,90,results=16/16; avgSummary=289; thinRows=0,
database,relation-neighbor-greeting-style,draft,Pass,90,results=16/16; avgSummary=289; thinRows=0,
database,relation-neighbor-hello-wave4,draft,Pass,90,results=16/16; avgSummary=167; thinRows=0,
database,relation-old-friend-wave4,draft,Pass,90,results=16/16; avgSummary=174; thinRows=0,
database,relation-party-exit-timing,draft,Pass,90,results=16/16; avgSummary=292; thinRows=0,
database,relation-photo-share-wave4,draft,Pass,90,results=16/16; avgSummary=173; thinRows=0,
database,relation-photo-tagging-manner,draft,Pass,90,results=16/16; avgSummary=286; thinRows=0,
database,relation-promise-change-wave4,draft,Pass,90,results=16/16; avgSummary=174; thinRows=0,
database,relation-promise-time-check,draft,Pass,90,results=16/16; avgSummary=289; thinRows=0,
database,relation-relationship-distance-reset,draft,Pass,90,results=16/16; avgSummary=289; thinRows=0,
database,relation-reply-delay-wave4,draft,Pass,90,results=16/16; avgSummary=174; thinRows=0,
database,relation-reunion-prep-style,draft,Pass,90,results=16/16; avgSummary=292; thinRows=0,
database,relation-small-favor-wave4,draft,Pass,90,results=16/16; avgSummary=173; thinRows=0,
database,relation-team-lunch-talk,draft,Pass,90,results=16/16; avgSummary=289; thinRows=0,
database,relation-team-meal-wave4,draft,Pass,90,results=16/16; avgSummary=172; thinRows=0,
database,relation-thanks-depth-wave4,draft,Pass,90,results=16/16; avgSummary=174; thinRows=0,
database,relation-thanks-message-depth,draft,Pass,90,results=16/16; avgSummary=289; thinRows=0,
database,season-after-rain-wave5,draft,Pass,90,results=16/16; avgSummary=230; thinRows=0,
database,season-aprfool-joke-wave5,draft,Pass,90,results=16/16; avgSummary=212; thinRows=0,
database,season-autumn-foliage-wave5,draft,Pass,90,results=16/16; avgSummary=237; thinRows=0,
database,season-autumn-walk-wave4,draft,Pass,90,results=16/16; avgSummary=164; thinRows=0,
database,season-child-day-wave5,draft,Pass,90,results=16/16; avgSummary=184; thinRows=0,
database,season-chuseok-treat-wave5,draft,Pass,90,results=16/16; avgSummary=237; thinRows=0,
database,season-closet-shift-wave5,draft,Pass,90,results=16/16; avgSummary=230; thinRows=0,
database,season-cold-morning-wave4,draft,Pass,90,results=16/16; avgSummary=169; thinRows=0,
database,season-cold-out-wave5,draft,Pass,90,results=16/16; avgSummary=229; thinRows=0,
database,season-dust-mask-wave5,draft,Pass,90,results=16/16; avgSummary=230; thinRows=0,
database,season-flower-view-wave4,draft,Pass,90,results=16/16; avgSummary=165; thinRows=0,
database,season-full-moon-wave5,draft,Pass,90,results=16/16; avgSummary=237; thinRows=0,
database,season-halloween-dress-wave5,draft,Pass,90,results=16/16; avgSummary=230; thinRows=0,
database,season-heat-shelter-wave5,draft,Pass,90,results=16/16; avgSummary=237; thinRows=0,
database,season-holiday-reset-wave4,draft,Pass,90,results=16/16; avgSummary=164; thinRows=0,
database,season-hotbun-season-wave5,draft,Pass,90,results=16/16; avgSummary=237; thinRows=0,
database,season-monsoon-prep-wave5,draft,Pass,90,results=16/16; avgSummary=229; thinRows=0,
database,season-mosquito-block-wave5,draft,Pass,90,results=16/16; avgSummary=237; thinRows=0,
database,season-newyear-table-wave5,draft,Pass,90,results=16/16; avgSummary=165; thinRows=0,
database,season-parents-day-wave5,draft,Pass,90,results=16/16; avgSummary=166; thinRows=0,
database,season-rainy-day-wave4,draft,Pass,90,results=16/16; avgSummary=174; thinRows=0,
database,season-season-menu-wave4,draft,Pass,90,results=16/16; avgSummary=169; thinRows=0,
database,season-shaved-ice-wave5,draft,Pass,90,results=16/16; avgSummary=229; thinRows=0,
database,season-snow-plan-wave4,draft,Pass,90,results=16/16; avgSummary=171; thinRows=0,
database,season-spring-cleaning-wave4,draft,Pass,90,results=16/16; avgSummary=166; thinRows=0,
database,season-spring-new-wave5,draft,Pass,90,results=16/16; avgSummary=263; thinRows=0,
database,season-summer-beach-wave5,draft,Pass,90,results=16/16; avgSummary=229; thinRows=0,
database,season-summer-heat-wave4,draft,Pass,90,results=16/16; avgSummary=169; thinRows=0,
database,season-sun-uv-wave5,draft,Pass,90,results=16/16; avgSummary=212; thinRows=0,
database,season-sunny-picnic-wave4,draft,Pass,90,results=16/16; avgSummary=170; thinRows=0,
database,season-tea-brew-wave5,draft,Pass,90,results=16/16; avgSummary=229; thinRows=0,
database,season-winter-layering-wave4,draft,Pass,90,results=16/16; avgSummary=171; thinRows=0,
database,season-winter-ski-wave5,draft,Pass,90,results=16/16; avgSummary=229; thinRows=0,
database,season-winter-solstice-wave5,draft,Pass,90,results=16/16; avgSummary=229; thinRows=0,
database,season-xmas-tree-wave5,draft,Pass,90,results=16/16; avgSummary=165; thinRows=0,
database,season-year-end-wave5,draft,Pass,90,results=16/16; avgSummary=237; thinRows=0,
database,self-attention-reset,draft,Pass,90,results=16/16; avgSummary=285; thinRows=0,
database,self-daily-priority-one,draft,Pass,90,results=16/16; avgSummary=297; thinRows=0,
database,self-decision-fatigue-care,draft,Pass,90,results=16/16; avgSummary=291; thinRows=0,
database,self-energy-budgeting,draft,Pass,90,results=16/16; avgSummary=282; thinRows=0,
database,self-focus-break-rhythm,draft,Pass,90,results=16/16; avgSummary=291; thinRows=0,
database,self-goal-wording-style,draft,Pass,90,results=16/16; avgSummary=291; thinRows=0,
database,self-habit-tracker-use,draft,Pass,90,results=16/16; avgSummary=291; thinRows=0,
database,self-monthly-theme-setting,draft,Pass,90,results=16/16; avgSummary=291; thinRows=0,
database,self-mood-log-habit,draft,Pass,90,results=16/16; avgSummary=288; thinRows=0,
database,self-morning-first-task,draft,Pass,90,results=16/16; avgSummary=285; thinRows=0,
database,self-motivation-slump-response,draft,Pass,90,results=16/16; avgSummary=291; thinRows=0,
database,self-personal-rule-making,draft,Pass,90,results=16/16; avgSummary=297; thinRows=0,
database,self-personal-space-reset,draft,Pass,90,results=16/16; avgSummary=297; thinRows=0,
database,self-promise-to-self,draft,Pass,90,results=16/16; avgSummary=288; thinRows=0,
database,self-rest-day-planning,draft,Pass,90,results=16/16; avgSummary=288; thinRows=0,
database,self-reward-setting-style,draft,Pass,90,results=16/16; avgSummary=288; thinRows=0,
database,self-routine-minimum-line,draft,Pass,90,results=16/16; avgSummary=291; thinRows=0,
database,self-routine-restart-style,draft,Pass,90,results=16/16; avgSummary=285; thinRows=0,
database,self-schedule-buffer-making,draft,Pass,90,results=16/16; avgSummary=291; thinRows=0,
database,self-self-check-question,draft,Pass,90,results=16/16; avgSummary=291; thinRows=0,
database,self-self-feedback-tone,draft,Pass,90,results=16/16; avgSummary=294; thinRows=0,
database,self-small-win-collecting,draft,Pass,90,results=16/16; avgSummary=294; thinRows=0,
database,self-weekly-review-habit,draft,Pass,90,results=16/16; avgSummary=291; thinRows=0,
database,senior-asset-handover-wave6,draft,Pass,90,results=16/16; avgSummary=192; thinRows=0,
database,senior-balance-exercise-wave6,draft,Pass,90,results=16/16; avgSummary=191; thinRows=0,
database,senior-digital-class-wave6,draft,Pass,90,results=16/16; avgSummary=174; thinRows=0,
database,senior-doctor-trust-wave6,draft,Pass,90,results=16/16; avgSummary=175; thinRows=0,
database,senior-downsize-home-wave6,draft,Pass,90,results=16/16; avgSummary=147; thinRows=0,
database,senior-family-gather-wave6,draft,Pass,90,results=16/16; avgSummary=191; thinRows=0,
database,senior-funeral-prep-wave6,draft,Pass,90,results=16/16; avgSummary=192; thinRows=0,
database,senior-grandchild-meet-wave6,draft,Pass,90,results=16/16; avgSummary=192; thinRows=0,
database,senior-healthcare-plan-wave6,draft,Pass,90,results=16/16; avgSummary=146; thinRows=0,
database,senior-learning-senior-wave6,draft,Pass,90,results=16/16; avgSummary=192; thinRows=0,
database,senior-legacy-letter-wave6,draft,Pass,90,results=16/16; avgSummary=174; thinRows=0,
database,senior-medication-list-wave6,draft,Pass,90,results=16/16; avgSummary=174; thinRows=0,
database,senior-memory-care-wave6,draft,Pass,90,results=16/16; avgSummary=175; thinRows=0,
database,senior-new-hobby-senior-wave6,draft,Pass,90,results=16/16; avgSummary=238; thinRows=0,
database,senior-pension-check-wave6,draft,Pass,90,results=16/16; avgSummary=191; thinRows=0,
database,senior-pet-with-senior-wave6,draft,Pass,90,results=16/16; avgSummary=147; thinRows=0,
database,senior-retirement-plan-wave6,draft,Pass,90,results=16/16; avgSummary=191; thinRows=0,
database,senior-second-career-wave6,draft,Pass,90,results=16/16; avgSummary=175; thinRows=0,
database,senior-senior-club-wave6,draft,Pass,90,results=16/16; avgSummary=191; thinRows=0,
database,senior-smartphone-help-wave6,draft,Pass,90,results=16/16; avgSummary=152; thinRows=0,
database,senior-travel-after-60-wave6,draft,Pass,90,results=16/16; avgSummary=174; thinRows=0,
database,senior-volunteer-senior-wave6,draft,Pass,90,results=16/16; avgSummary=200; thinRows=0,
database,senior-walk-routine-senior-wave6,draft,Pass,90,results=16/16; avgSummary=192; thinRows=0,
database,senior-will-prepare-wave6,draft,Pass,90,results=16/16; avgSummary=191; thinRows=0,
database,senior-young-friend-wave6,draft,Pass,90,results=16/16; avgSummary=192; thinRows=0,
database,skill-adult-edu-wave5,draft,Pass,90,results=16/16; avgSummary=290; thinRows=0,
database,skill-cert-start-wave5,draft,Pass,90,results=16/16; avgSummary=248; thinRows=0,
database,skill-code-intro-wave5,draft,Pass,90,results=16/16; avgSummary=294; thinRows=0,
database,skill-debate-join-wave5,draft,Pass,90,results=16/16; avgSummary=294; thinRows=0,
database,skill-draw-class-wave5,draft,Pass,90,results=16/16; avgSummary=294; thinRows=0,
database,skill-eng-diary-wave5,draft,Pass,90,results=16/16; avgSummary=294; thinRows=0,
database,skill-eng-word-wave5,draft,Pass,90,results=16/16; avgSummary=174; thinRows=0,
database,skill-ged-prep-wave5,draft,Pass,90,results=16/16; avgSummary=290; thinRows=0,
database,skill-hanja-study-wave5,draft,Pass,90,results=16/16; avgSummary=294; thinRows=0,
database,skill-instrument-learn-wave5,draft,Pass,90,results=16/16; avgSummary=248; thinRows=0,
database,skill-interview-prep-wave5,draft,Pass,90,results=16/16; avgSummary=294; thinRows=0,
database,skill-lang-talk-wave5,draft,Pass,90,results=16/16; avgSummary=248; thinRows=0,
database,skill-library-use-wave5,draft,Pass,90,results=16/16; avgSummary=248; thinRows=0,
database,skill-listening-train-wave5,draft,Pass,90,results=16/16; avgSummary=294; thinRows=0,
database,skill-online-pay-wave5,draft,Pass,90,results=16/16; avgSummary=294; thinRows=0,
database,skill-portfolio-pack-wave5,draft,Pass,90,results=16/16; avgSummary=294; thinRows=0,
database,skill-pronounce-drill-wave5,draft,Pass,90,results=16/16; avgSummary=294; thinRows=0,
database,skill-read-challenge-wave5,draft,Pass,90,results=16/16; avgSummary=248; thinRows=0,
database,skill-resume-write-wave5,draft,Pass,90,results=16/16; avgSummary=294; thinRows=0,
database,skill-self-study-wave5,draft,Pass,90,results=16/16; avgSummary=294; thinRows=0,
database,skill-speech-drill-wave5,draft,Pass,90,results=16/16; avgSummary=294; thinRows=0,
database,skill-study-cafe-wave5,draft,Pass,90,results=16/16; avgSummary=248; thinRows=0,
database,skill-toeic-prep-wave5,draft,Pass,90,results=16/16; avgSummary=294; thinRows=0,
database,skill-tutor-class-wave5,draft,Pass,90,results=16/16; avgSummary=294; thinRows=0,
database,skill-write-class-wave5,draft,Pass,90,results=16/16; avgSummary=248; thinRows=0,
database,spend-brand-switch-wave4,draft,Pass,90,results=16/16; avgSummary=169; thinRows=0,
database,spend-bulk-buy-judgment,draft,Pass,90,results=16/16; avgSummary=289; thinRows=0,
database,spend-bulk-buy-wave4,draft,Pass,90,results=16/16; avgSummary=168; thinRows=0,
database,spend-buy-or-wait-wave4,draft,Pass,90,results=16/16; avgSummary=172; thinRows=0,
database,spend-cart-abandon-wave4,draft,Pass,90,results=16/16; avgSummary=169; thinRows=0,
database,spend-comparison-table-making,draft,Pass,90,results=16/16; avgSummary=280; thinRows=0,
database,spend-coupon-use-timing,draft,Pass,90,results=16/16; avgSummary=289; thinRows=0,
database,spend-delivery-fee-threshold,draft,Pass,90,results=16/16; avgSummary=283; thinRows=0,
database,spend-gift-budget-setting,draft,Pass,90,results=16/16; avgSummary=286; thinRows=0,
database,spend-gift-budget-wave4,draft,Pass,90,results=16/16; avgSummary=162; thinRows=0,
database,spend-impulse-buy-cooldown,draft,Pass,90,results=16/16; avgSummary=286; thinRows=0,
database,spend-limited-edition-response,draft,Pass,90,results=16/16; avgSummary=283; thinRows=0,
database,spend-limited-stock-wave4,draft,Pass,90,results=16/16; avgSummary=169; thinRows=0,
database,spend-minimal-buying-rule,draft,Pass,90,results=16/16; avgSummary=292; thinRows=0,
database,spend-offline-store-route,draft,Pass,90,results=16/16; avgSummary=295; thinRows=0,
database,spend-pay-method-wave4,draft,Pass,90,results=16/16; avgSummary=166; thinRows=0,
database,spend-payment-method-choice,draft,Pass,90,results=16/16; avgSummary=283; thinRows=0,
database,spend-personal-luxury-line,draft,Pass,90,results=16/16; avgSummary=292; thinRows=0,
database,spend-premium-choice-wave4,draft,Pass,90,results=16/16; avgSummary=172; thinRows=0,
database,spend-price-alert-setting,draft,Pass,90,results=16/16; avgSummary=286; thinRows=0,
database,spend-product-color-choice,draft,Pass,90,results=16/16; avgSummary=286; thinRows=0,
database,spend-receipt-review-wave4,draft,Pass,90,results=16/16; avgSummary=169; thinRows=0,
database,spend-refund-decision-wave4,draft,Pass,90,results=16/16; avgSummary=162; thinRows=0,
database,spend-return-decision-style,draft,Pass,90,results=16/16; avgSummary=280; thinRows=0,
database,spend-review-reading-depth,draft,Pass,90,results=16/16; avgSummary=289; thinRows=0,
database,spend-sale-scroll-wave4,draft,Pass,90,results=16/16; avgSummary=171; thinRows=0,
database,spend-sample-first-wave4,draft,Pass,90,results=16/16; avgSummary=170; thinRows=0,
database,spend-sample-test-before-buy,draft,Pass,90,results=16/16; avgSummary=295; thinRows=0,
database,spend-secondhand-chat-wave4,draft,Pass,90,results=16/16; avgSummary=167; thinRows=0,
database,spend-shopping-list-discipline,draft,Pass,90,results=16/16; avgSummary=292; thinRows=0,
database,spend-subscription-check-wave4,draft,Pass,90,results=16/16; avgSummary=163; thinRows=0,
database,spend-subscription-keep-cancel,draft,Pass,90,results=16/16; avgSummary=289; thinRows=0,
database,spend-unboxing-reaction,draft,Pass,90,results=16/16; avgSummary=283; thinRows=0,
database,spend-warranty-keeping-style,draft,Pass,90,results=16/16; avgSummary=283; thinRows=0,
database,spend-wish-list-pruning,draft,Pass,90,results=16/16; avgSummary=286; thinRows=0,
database,spend-wish-list-wave4,draft,Pass,90,results=16/16; avgSummary=168; thinRows=0,
database,sport-app-track-wave6,draft,Pass,90,results=16/16; avgSummary=249; thinRows=0,
database,sport-aqua-walk-wave6,draft,Pass,90,results=16/16; avgSummary=241; thinRows=0,
database,sport-badminton-game-wave6,draft,Pass,90,results=16/16; avgSummary=244; thinRows=0,
database,sport-basketball-pickup-wave6,draft,Pass,90,results=16/16; avgSummary=247; thinRows=0,
database,sport-bench-press-wave6,draft,Pass,90,results=16/16; avgSummary=246; thinRows=0,
database,sport-bicycle-pace-wave6,draft,Pass,90,results=16/16; avgSummary=242; thinRows=0,
database,sport-climbing-route-wave6,draft,Pass,90,results=16/16; avgSummary=244; thinRows=0,
database,sport-gear-buy-wave6,draft,Pass,90,results=16/16; avgSummary=241; thinRows=0,
database,sport-group-class-sport-wave6,draft,Pass,90,results=16/16; avgSummary=247; thinRows=0,
database,sport-gym-time-wave6,draft,Pass,90,results=16/16; avgSummary=241; thinRows=0,
database,sport-heart-rate-zone-wave6,draft,Pass,90,results=16/16; avgSummary=254; thinRows=0,
database,sport-interval-run-wave6,draft,Pass,90,results=16/16; avgSummary=241; thinRows=0,
database,sport-mountain-elevation-wave6,draft,Pass,90,results=16/16; avgSummary=241; thinRows=0,
database,sport-pilates-class-wave6,draft,Pass,90,results=16/16; avgSummary=244; thinRows=0,
database,sport-protein-shake-wave6,draft,Pass,90,results=16/16; avgSummary=242; thinRows=0,
database,sport-pt-class-wave6,draft,Pass,90,results=16/16; avgSummary=246; thinRows=0,
database,sport-pull-up-wave6,draft,Pass,90,results=16/16; avgSummary=278; thinRows=0,
database,sport-rest-day-sport-wave6,draft,Pass,90,results=16/16; avgSummary=249; thinRows=0,
database,sport-running-distance-wave6,draft,Pass,90,results=16/16; avgSummary=249; thinRows=0,
database,sport-soccer-team-wave6,draft,Pass,90,results=16/16; avgSummary=249; thinRows=0,
database,sport-squat-set-wave6,draft,Pass,90,results=16/16; avgSummary=241; thinRows=0,
database,sport-swimming-lap-wave6,draft,Pass,90,results=16/16; avgSummary=262; thinRows=0,
database,sport-tennis-match-wave6,draft,Pass,90,results=16/16; avgSummary=249; thinRows=0,
database,sport-warmup-stretch-wave6,draft,Pass,90,results=16/16; avgSummary=244; thinRows=0,
database,sport-yoga-mat-wave6,draft,Pass,90,results=16/16; avgSummary=246; thinRows=0,
database,style-accessory-pick-wave6,draft,Pass,90,results=16/16; avgSummary=166; thinRows=0,
database,style-bag-day-wave6,draft,Pass,90,results=16/16; avgSummary=173; thinRows=0,
database,style-business-casual-wave6,draft,Pass,90,results=16/16; avgSummary=148; thinRows=0,
database,style-cleaning-bag-wave6,draft,Pass,90,results=16/16; avgSummary=173; thinRows=0,
database,style-coat-layer-wave6,draft,Pass,90,results=16/16; avgSummary=166; thinRows=0,
database,style-color-base-wave6,draft,Pass,90,results=16/16; avgSummary=209; thinRows=0,
database,style-color-match-mirror-wave6,draft,Pass,90,results=16/16; avgSummary=148; thinRows=0,
database,style-donate-clothes-wave6,draft,Pass,90,results=16/16; avgSummary=209; thinRows=0,
database,style-dry-clean-wave6,draft,Pass,90,results=16/16; avgSummary=174; thinRows=0,
database,style-formal-set-wave6,draft,Pass,90,results=16/16; avgSummary=173; thinRows=0,
database,style-funeral-attire-wave6,draft,Pass,90,results=16/16; avgSummary=172; thinRows=0,
database,style-hat-pick-wave6,draft,Pass,90,results=16/16; avgSummary=175; thinRows=0,
database,style-jewelry-daily-wave6,draft,Pass,90,results=16/16; avgSummary=157; thinRows=0,
database,style-outfit-pick-am-wave6,draft,Pass,90,results=16/16; avgSummary=149; thinRows=0,
database,style-pattern-mix-wave6,draft,Pass,90,results=16/16; avgSummary=173; thinRows=0,
database,style-perfume-spot-wave6,draft,Pass,90,results=16/16; avgSummary=175; thinRows=0,
database,style-rainy-shoes-wave6,draft,Pass,90,results=16/16; avgSummary=151; thinRows=0,
database,style-repair-clothes-wave6,draft,Pass,90,results=16/16; avgSummary=200; thinRows=0,
database,style-scarf-fold-wave6,draft,Pass,90,results=16/16; avgSummary=174; thinRows=0,
database,style-seasonal-buy-wave6,draft,Pass,90,results=16/16; avgSummary=173; thinRows=0,
database,style-sneaker-pick-wave6,draft,Pass,90,results=16/16; avgSummary=174; thinRows=0,
database,style-wardrobe-rotate-wave6,draft,Pass,90,results=16/16; avgSummary=172; thinRows=0,
database,style-watch-pick-wave6,draft,Pass,90,results=16/16; avgSummary=172; thinRows=0,
database,style-wedding-guest-wave6,draft,Pass,90,results=16/16; avgSummary=157; thinRows=0,
database,style-weekend-comfort-wave6,draft,Pass,90,results=16/16; avgSummary=157; thinRows=0,
database,tech-ai-assistant-wave5,draft,Pass,90,results=16/16; avgSummary=164; thinRows=0,
database,tech-autocomplete-wave5,draft,Pass,90,results=16/16; avgSummary=156; thinRows=0,
database,tech-bg-app-wave5,draft,Pass,90,results=16/16; avgSummary=156; thinRows=0,
database,tech-card-register-wave5,draft,Pass,90,results=16/16; avgSummary=160; thinRows=0,
database,tech-clipboard-use-wave5,draft,Pass,90,results=16/16; avgSummary=156; thinRows=0,
database,tech-digital-id-wave5,draft,Pass,90,results=16/16; avgSummary=156; thinRows=0,
database,tech-digital-minimal-wave5,draft,Pass,90,results=16/16; avgSummary=156; thinRows=0,
database,tech-email-reply-wave5,draft,Pass,90,results=16/16; avgSummary=158; thinRows=0,
database,tech-emoji-use-wave5,draft,Pass,90,results=16/16; avgSummary=154; thinRows=0,
database,tech-family-calendar-wave5,draft,Pass,90,results=16/16; avgSummary=154; thinRows=0,
database,tech-folder-color-wave5,draft,Pass,90,results=16/16; avgSummary=156; thinRows=0,
database,tech-location-share-wave5,draft,Pass,90,results=16/16; avgSummary=152; thinRows=0,
database,tech-multi-device-wave5,draft,Pass,90,results=16/16; avgSummary=162; thinRows=0,
database,tech-music-mode-wave5,draft,Pass,90,results=16/16; avgSummary=158; thinRows=0,
database,tech-night-mode-wave5,draft,Pass,90,results=16/16; avgSummary=158; thinRows=0,
database,tech-note-app-wave5,draft,Pass,90,results=16/16; avgSummary=156; thinRows=0,
database,tech-ott-watch-wave5,draft,Pass,90,results=16/16; avgSummary=160; thinRows=0,
database,tech-qr-pay-wave5,draft,Pass,90,results=16/16; avgSummary=158; thinRows=0,
database,tech-security-alert-wave5,draft,Pass,90,results=16/16; avgSummary=158; thinRows=0,
database,tech-shortcut-key-wave5,draft,Pass,90,results=16/16; avgSummary=154; thinRows=0,
database,tech-video-call-wave5,draft,Pass,90,results=16/16; avgSummary=156; thinRows=0,
database,tech-voice-memo-wave5,draft,Pass,90,results=16/16; avgSummary=156; thinRows=0,
database,tech-watch-notify-wave5,draft,Pass,90,results=16/16; avgSummary=158; thinRows=0,
database,tech-widget-layout-wave5,draft,Pass,90,results=16/16; avgSummary=152; thinRows=0,
database,tech-wifi-manage-wave5,draft,Pass,90,results=16/16; avgSummary=156; thinRows=0,
database,travel-airport-dutyfree-route,draft,Pass,90,results=16/16; avgSummary=286; thinRows=0,
database,travel-airport-time-wave4,draft,Pass,90,results=16/16; avgSummary=169; thinRows=0,
database,travel-checklist-use-wave4,draft,Pass,90,results=16/16; avgSummary=168; thinRows=0,
database,travel-hotel-check-wave4,draft,Pass,90,results=16/16; avgSummary=162; thinRows=0,
database,travel-hotel-room-settling,draft,Pass,90,results=16/16; avgSummary=295; thinRows=0,
database,travel-itinerary-change-response,draft,Pass,90,results=16/16; avgSummary=289; thinRows=0,
database,travel-itinerary-gap-wave4,draft,Pass,90,results=16/16; avgSummary=162; thinRows=0,
database,travel-local-food-wave4,draft,Pass,90,results=16/16; avgSummary=168; thinRows=0,
database,travel-local-market-browsing,draft,Pass,90,results=16/16; avgSummary=292; thinRows=0,
database,travel-local-transport-choice,draft,Pass,90,results=16/16; avgSummary=286; thinRows=0,
database,travel-lost-route-wave4,draft,Pass,90,results=16/16; avgSummary=166; thinRows=0,
database,travel-luggage-weight-check,draft,Pass,90,results=16/16; avgSummary=292; thinRows=0,
database,travel-map-route-wave4,draft,Pass,90,results=16/16; avgSummary=163; thinRows=0,
database,travel-morning-tour-wave4,draft,Pass,90,results=16/16; avgSummary=162; thinRows=0,
database,travel-museum-audio-guide,draft,Pass,90,results=16/16; avgSummary=295; thinRows=0,
database,travel-museum-or-cafe-wave4,draft,Pass,90,results=16/16; avgSummary=172; thinRows=0,
database,travel-next-trip-wave4,draft,Pass,90,results=16/16; avgSummary=168; thinRows=0,
database,travel-night-market-wave4,draft,Pass,90,results=16/16; avgSummary=165; thinRows=0,
database,travel-packing-order-wave4,draft,Pass,90,results=16/16; avgSummary=167; thinRows=0,
database,travel-passport-copy-habit,draft,Pass,90,results=16/16; avgSummary=286; thinRows=0,
database,travel-photo-spot-wave4,draft,Pass,90,results=16/16; avgSummary=169; thinRows=0,
database,travel-post-trip-organizing,draft,Pass,90,results=16/16; avgSummary=286; thinRows=0,
database,travel-rain-plan-wave4,draft,Pass,90,results=16/16; avgSummary=166; thinRows=0,
database,travel-rainy-trip-response,draft,Pass,90,results=16/16; avgSummary=295; thinRows=0,
database,travel-restaurant-waiting-choice,draft,Pass,90,results=16/16; avgSummary=286; thinRows=0,
database,travel-return-unpack-wave4,draft,Pass,90,results=16/16; avgSummary=167; thinRows=0,
database,travel-seat-upgrade-decision,draft,Pass,90,results=16/16; avgSummary=298; thinRows=0,
database,travel-souvenir-choice-style,draft,Pass,90,results=16/16; avgSummary=280; thinRows=0,
database,travel-souvenir-list-check,draft,Pass,90,results=16/16; avgSummary=286; thinRows=0,
database,travel-souvenir-pick-wave4,draft,Pass,90,results=16/16; avgSummary=167; thinRows=0,
database,travel-sunrise-plan-choice,draft,Pass,90,results=16/16; avgSummary=289; thinRows=0,
database,travel-tour-vs-free-time,draft,Pass,90,results=16/16; avgSummary=298; thinRows=0,
database,travel-transport-pass-wave4,draft,Pass,90,results=16/16; avgSummary=167; thinRows=0,
database,travel-travel-budget-envelope,draft,Pass,90,results=16/16; avgSummary=289; thinRows=0,
database,travel-travel-budget-wave4,draft,Pass,90,results=16/16; avgSummary=162; thinRows=0,
database,travel-travel-companion-role,draft,Pass,90,results=16/16; avgSummary=286; thinRows=0,
database,travel-travel-companion-wave4,draft,Pass,90,results=16/16; avgSummary=163; thinRows=0,
database,travel-travel-note-keeping,draft,Pass,90,results=16/16; avgSummary=292; thinRows=0,
database,travel-travel-photo-selection,draft,Pass,90,results=16/16; avgSummary=289; thinRows=0,
database,travel-travel-record-wave4,draft,Pass,90,results=16/16; avgSummary=163; thinRows=0,
database,travel-travel-weather-pack,draft,Pass,90,results=16/16; avgSummary=289; thinRows=0,
database,travel-trip-memory-share,draft,Pass,90,results=16/16; avgSummary=292; thinRows=0,
database,trip-after-sns-wave5,draft,Pass,90,results=16/16; avgSummary=149; thinRows=0,
database,trip-alarm-set-wave5,draft,Pass,90,results=16/16; avgSummary=163; thinRows=0,
database,trip-bag-weight-wave5,draft,Pass,90,results=16/16; avgSummary=157; thinRows=0,
database,trip-camera-pack-wave5,draft,Pass,90,results=16/16; avgSummary=155; thinRows=0,
database,trip-currency-when-wave5,draft,Pass,90,results=16/16; avgSummary=163; thinRows=0,
database,trip-extra-bag-wave5,draft,Pass,90,results=16/16; avgSummary=157; thinRows=0,
database,trip-fellow-meal-wave5,draft,Pass,90,results=16/16; avgSummary=163; thinRows=0,
database,trip-flight-when-wave5,draft,Pass,90,results=16/16; avgSummary=151; thinRows=0,
database,trip-free-time-wave5,draft,Pass,90,results=16/16; avgSummary=163; thinRows=0,
database,trip-guesthouse-stay-wave5,draft,Pass,90,results=16/16; avgSummary=155; thinRows=0,
database,trip-guide-tour-wave5,draft,Pass,90,results=16/16; avgSummary=155; thinRows=0,
database,trip-hotel-room-wave5,draft,Pass,90,results=16/16; avgSummary=157; thinRows=0,
database,trip-jetlag-step-wave5,draft,Pass,90,results=16/16; avgSummary=163; thinRows=0,
database,trip-korean-food-wave5,draft,Pass,90,results=16/16; avgSummary=155; thinRows=0,
database,trip-local-sim-wave5,draft,Pass,90,results=16/16; avgSummary=155; thinRows=0,
database,trip-luggage-color-wave5,draft,Pass,90,results=16/16; avgSummary=163; thinRows=0,
database,trip-passport-keep-wave5,draft,Pass,90,results=16/16; avgSummary=163; thinRows=0,
database,trip-scenery-shot-wave5,draft,Pass,90,results=16/16; avgSummary=163; thinRows=0,
database,trip-selfie-pose-wave5,draft,Pass,90,results=16/16; avgSummary=163; thinRows=0,
database,trip-site-line-wave5,draft,Pass,90,results=16/16; avgSummary=180; thinRows=0,
database,trip-street-food-wave5,draft,Pass,90,results=16/16; avgSummary=155; thinRows=0,
database,trip-travel-diary-wave5,draft,Pass,90,results=16/16; avgSummary=157; thinRows=0,
database,trip-travel-insurance-wave5,draft,Pass,90,results=16/16; avgSummary=155; thinRows=0,
database,trip-visa-check-wave5,draft,Pass,90,results=16/16; avgSummary=163; thinRows=0,
database,trip-window-aisle-wave5,draft,Pass,90,results=16/16; avgSummary=151; thinRows=0,
database,visual-binge-watch-wave6,draft,Pass,90,results=16/16; avgSummary=182; thinRows=0,
database,visual-doc-watch-wave6,draft,Pass,90,results=16/16; avgSummary=166; thinRows=0,
database,visual-dubbed-pref-wave6,draft,Pass,90,results=16/16; avgSummary=165; thinRows=0,
database,visual-family-tv-wave6,draft,Pass,90,results=16/16; avgSummary=151; thinRows=0,
database,visual-long-form-wave6,draft,Pass,90,results=16/16; avgSummary=160; thinRows=0,
database,visual-movie-pick-couple-wave6,draft,Pass,90,results=16/16; avgSummary=153; thinRows=0,
database,visual-one-episode-wave6,draft,Pass,90,results=16/16; avgSummary=158; thinRows=0,
database,visual-ott-switch-wave6,draft,Pass,90,results=16/16; avgSummary=152; thinRows=0,
database,visual-popcorn-pick-wave6,draft,Pass,90,results=16/16; avgSummary=166; thinRows=0,
database,visual-projector-night-wave6,draft,Pass,90,results=16/16; avgSummary=156; thinRows=0,
database,visual-rating-give-wave6,draft,Pass,90,results=16/16; avgSummary=165; thinRows=0,
database,visual-recommendation-trust-wave6,draft,Pass,90,results=16/16; avgSummary=156; thinRows=0,
database,visual-replay-fav-wave6,draft,Pass,90,results=16/16; avgSummary=190; thinRows=0,
database,visual-review-after-wave6,draft,Pass,90,results=16/16; avgSummary=158; thinRows=0,
database,visual-save-later-video-wave6,draft,Pass,90,results=16/16; avgSummary=158; thinRows=0,
database,visual-seat-row-wave6,draft,Pass,90,results=16/16; avgSummary=151; thinRows=0,
database,visual-series-end-wave6,draft,Pass,90,results=16/16; avgSummary=159; thinRows=0,
database,visual-short-clip-wave6,draft,Pass,90,results=16/16; avgSummary=151; thinRows=0,
database,visual-spoiler-handle-wave6,draft,Pass,90,results=16/16; avgSummary=159; thinRows=0,
database,visual-subtitle-pick-wave6,draft,Pass,90,results=16/16; avgSummary=166; thinRows=0,
database,visual-theater-time-wave6,draft,Pass,90,results=16/16; avgSummary=159; thinRows=0,
database,visual-thumbnail-trust-wave6,draft,Pass,90,results=16/16; avgSummary=157; thinRows=0,
database,visual-vlog-pick-wave6,draft,Pass,90,results=16/16; avgSummary=159; thinRows=0,
database,visual-weekly-wait-wave6,draft,Pass,90,results=16/16; avgSummary=152; thinRows=0,
database,visual-youtuber-follow-wave6,draft,Pass,90,results=16/16; avgSummary=158; thinRows=0,
database,vital-alcohol-cut-wave5,draft,Pass,90,results=16/16; avgSummary=266; thinRows=0,
database,vital-caffeine-cut-wave5,draft,Pass,90,results=16/16; avgSummary=230; thinRows=0,
database,vital-core-work-wave5,draft,Pass,90,results=16/16; avgSummary=266; thinRows=0,
database,vital-dental-visit-wave5,draft,Pass,90,results=16/16; avgSummary=264; thinRows=0,
database,vital-digest-step-wave5,draft,Pass,90,results=16/16; avgSummary=264; thinRows=0,
database,vital-eye-check-wave5,draft,Pass,90,results=16/16; avgSummary=211; thinRows=0,
database,vital-fast-try-wave5,draft,Pass,90,results=16/16; avgSummary=266; thinRows=0,
database,vital-fever-step-wave5,draft,Pass,90,results=16/16; avgSummary=264; thinRows=0,
database,vital-fiber-add-wave5,draft,Pass,90,results=16/16; avgSummary=282; thinRows=0,
database,vital-foot-massage-wave5,draft,Pass,90,results=16/16; avgSummary=266; thinRows=0,
database,vital-headache-step-wave5,draft,Pass,90,results=16/16; avgSummary=266; thinRows=0,
database,vital-health-checkup-wave5,draft,Pass,90,results=16/16; avgSummary=282; thinRows=0,
database,vital-immunity-care-wave5,draft,Pass,90,results=16/16; avgSummary=239; thinRows=0,
database,vital-latenight-stop-wave5,draft,Pass,90,results=16/16; avgSummary=264; thinRows=0,
database,vital-meal-time-wave5,draft,Pass,90,results=16/16; avgSummary=266; thinRows=0,
database,vital-meds-time-wave5,draft,Pass,90,results=16/16; avgSummary=211; thinRows=0,
database,vital-neck-posture-wave5,draft,Pass,90,results=16/16; avgSummary=239; thinRows=0,
database,vital-protein-take-wave5,draft,Pass,90,results=16/16; avgSummary=237; thinRows=0,
database,vital-scale-check-wave5,draft,Pass,90,results=16/16; avgSummary=237; thinRows=0,
database,vital-shoulder-rotate-wave5,draft,Pass,90,results=16/16; avgSummary=264; thinRows=0,
database,vital-skin-visit-wave5,draft,Pass,90,results=16/16; avgSummary=237; thinRows=0,
database,vital-supplement-start-wave5,draft,Pass,90,results=16/16; avgSummary=237; thinRows=0,
database,vital-sweet-cut-wave5,draft,Pass,90,results=16/16; avgSummary=230; thinRows=0,
database,vital-vitamin-pick-wave5,draft,Pass,90,results=16/16; avgSummary=239; thinRows=0,
database,vital-wrist-care-wave5,draft,Pass,90,results=16/16; avgSummary=264; thinRows=0,
database,wellness-body-signal-wave4,draft,Pass,90,results=16/16; avgSummary=170; thinRows=0,
database,wellness-cafeteria-pick-wave4,draft,Pass,90,results=16/16; avgSummary=169; thinRows=0,
database,wellness-condition-log-wave4,draft,Pass,90,results=16/16; avgSummary=166; thinRows=0,
database,wellness-exercise-start-wave4,draft,Pass,90,results=16/16; avgSummary=164; thinRows=0,
database,wellness-eye-rest-wave4,draft,Pass,90,results=16/16; avgSummary=162; thinRows=0,
database,wellness-health-info-wave4,draft,Pass,90,results=16/16; avgSummary=170; thinRows=0,
database,wellness-home-workout-wave4,draft,Pass,90,results=16/16; avgSummary=164; thinRows=0,
database,wellness-late-night-snack-wave4,draft,Pass,90,results=16/16; avgSummary=164; thinRows=0,
database,wellness-meal-balance-wave4,draft,Pass,90,results=16/16; avgSummary=164; thinRows=0,
database,wellness-outdoor-air-wave4,draft,Pass,90,results=16/16; avgSummary=171; thinRows=0,
database,wellness-posture-check-wave4,draft,Pass,90,results=16/16; avgSummary=165; thinRows=0,
database,wellness-recovery-day-wave4,draft,Pass,90,results=16/16; avgSummary=168; thinRows=0,
database,wellness-rest-sign-wave4,draft,Pass,90,results=16/16; avgSummary=171; thinRows=0,
database,wellness-routine-break-wave4,draft,Pass,90,results=16/16; avgSummary=169; thinRows=0,
database,wellness-sleep-alarm-wave4,draft,Pass,90,results=16/16; avgSummary=165; thinRows=0,
database,wellness-snack-choice-wave4,draft,Pass,90,results=16/16; avgSummary=165; thinRows=0,
database,wellness-stretch-time-wave4,draft,Pass,90,results=16/16; avgSummary=169; thinRows=0,
database,wellness-walk-choice-wave4,draft,Pass,90,results=16/16; avgSummary=165; thinRows=0,
database,wellness-warmup-style-wave4,draft,Pass,90,results=16/16; avgSummary=169; thinRows=0,
database,wellness-water-reminder-wave4,draft,Pass,90,results=16/16; avgSummary=170; thinRows=0,
database,work-after-work-switch-wave4,draft,Pass,90,results=16/16; avgSummary=168; thinRows=0,
database,work-calendar-block-wave4,draft,Pass,90,results=16/16; avgSummary=163; thinRows=0,
database,work-colleague-help-wave4,draft,Pass,90,results=16/16; avgSummary=169; thinRows=0,
database,work-deadline-buffer-wave4,draft,Pass,90,results=16/16; avgSummary=162; thinRows=0,
database,work-desk-focus-wave4,draft,Pass,90,results=16/16; avgSummary=162; thinRows=0,
database,work-document-version-wave4,draft,Pass,90,results=16/16; avgSummary=168; thinRows=0,
database,work-feedback-read-wave4,draft,Pass,90,results=16/16; avgSummary=164; thinRows=0,
database,work-handoff-message-wave4,draft,Pass,90,results=16/16; avgSummary=167; thinRows=0,
database,work-idea-share-wave4,draft,Pass,90,results=16/16; avgSummary=166; thinRows=0,
database,work-lunch-break-wave4,draft,Pass,90,results=16/16; avgSummary=166; thinRows=0,
database,work-meeting-note-wave4,draft,Pass,90,results=16/16; avgSummary=163; thinRows=0,
database,work-meeting-question-wave4,draft,Pass,90,results=16/16; avgSummary=162; thinRows=0,
database,work-mistake-recovery-wave4,draft,Pass,90,results=16/16; avgSummary=168; thinRows=0,
database,work-project-start-wave4,draft,Pass,90,results=16/16; avgSummary=167; thinRows=0,
database,work-remote-routine-wave4,draft,Pass,90,results=16/16; avgSummary=167; thinRows=0,
database,work-task-close-wave4,draft,Pass,90,results=16/16; avgSummary=165; thinRows=0,
database,work-task-priority-wave4,draft,Pass,90,results=16/16; avgSummary=167; thinRows=0,
database,work-urgent-request-wave4,draft,Pass,90,results=16/16; avgSummary=169; thinRows=0,
database,work-weekly-report-wave4,draft,Pass,90,results=16/16; avgSummary=162; thinRows=0,
database,work-work-message-wave4,draft,Pass,90,results=16/16; avgSummary=169; thinRows=0,
database,workplus-after-meeting-followup,draft,Pass,90,results=16/16; avgSummary=295; thinRows=0,
database,workplus-approval-line-check,draft,Pass,90,results=16/16; avgSummary=283; thinRows=0,
database,workplus-cross-team-message,draft,Pass,90,results=16/16; avgSummary=292; thinRows=0,
database,workplus-document-version-rule,draft,Pass,90,results=16/16; avgSummary=286; thinRows=0,
database,workplus-handoff-risk-note,draft,Pass,90,results=16/16; avgSummary=298; thinRows=0,
database,workplus-meeting-camera-choice,draft,Pass,90,results=16/16; avgSummary=289; thinRows=0,
database,workplus-meeting-note-action,draft,Pass,90,results=16/16; avgSummary=289; thinRows=0,
database,workplus-new-tool-adoption,draft,Pass,90,results=16/16; avgSummary=295; thinRows=0,
database,workplus-office-seat-preference,draft,Pass,90,results=16/16; avgSummary=289; thinRows=0,
database,workplus-office-supply-refill,draft,Pass,90,results=16/16; avgSummary=283; thinRows=0,
database,workplus-quick-question-timing,draft,Pass,90,results=16/16; avgSummary=292; thinRows=0,
database,workplus-quiet-work-block,draft,Pass,90,results=16/16; avgSummary=289; thinRows=0,
database,workplus-shared-drive-rules,draft,Pass,90,results=16/16; avgSummary=295; thinRows=0,
database,workplus-team-calendar-check,draft,Pass,90,results=16/16; avgSummary=289; thinRows=0,
database,workplus-urgent-task-triage,draft,Pass,90,results=16/16; avgSummary=289; thinRows=0,
database,workplus-work-chat-threading,draft,Pass,90,results=16/16; avgSummary=289; thinRows=0,
database,workplus-workday-wrap-up,draft,Pass,90,results=16/16; avgSummary=289; thinRows=0,
database,advice-request-response-cvzX,published,Pass,90,results=16/16; avgSummary=201; thinRows=0,
database,ai-prompt-detail-style-3PJK,published,Pass,90,results=16/16; avgSummary=256; thinRows=0,
database,apology-message-style-XOIx,published,Pass,90,results=16/16; avgSummary=231; thinRows=0,
database,apology-style-FGmQ,published,Pass,90,results=16/16; avgSummary=277; thinRows=0,
database,app-permission-check-style-_rQV,published,Pass,90,results=16/16; avgSummary=170; thinRows=0,
database,appliance-manual-keeping-C-Gj,published,Pass,90,results=16/16; avgSummary=191; thinRows=0,
database,appointment-planning-style-DEG8,published,Pass,90,results=16/16; avgSummary=164; thinRows=0,
database,autumn-sentiment-type-wgf_,published,Pass,90,results=16/16; avgSummary=168; thinRows=0,
database,bakery-tray-route-A21b,published,Pass,90,results=16/16; avgSummary=263; thinRows=0,
database,bathroom-shelf-order-jmdC,published,Pass,90,results=16/16; avgSummary=253; thinRows=0,
database,big-purchase-decision-style-k4As,published,Pass,90,results=16/16; avgSummary=259; thinRows=0,
database,birthday-care-style-aKhD,published,Pass,90,results=16/16; avgSummary=170; thinRows=0,
database,birthday-message-timing-JMAE,published,Pass,90,results=16/16; avgSummary=273; thinRows=0,
database,boardgame-rule-reading-2OC3,published,Pass,90,results=16/16; avgSummary=281; thinRows=0,
database,book-bookmark-style-pHPe,published,Pass,90,results=16/16; avgSummary=256; thinRows=0,
database,bookmark-save-type-ecFP,published,Pass,90,results=16/16; avgSummary=190; thinRows=0,
database,brain-opinion-mbti-lO1Z,published,Pass,90,results=16/16; avgSummary=203; thinRows=0,
database,brand-switching-style-9L8v,published,Pass,90,results=16/16; avgSummary=269; thinRows=0,
database,browser-tab-control-unzW,published,Pass,90,results=16/16; avgSummary=162; thinRows=0,
database,budget-rounding-style-Zllz,published,Pass,90,results=16/16; avgSummary=246; thinRows=0,
database,buffet-first-plate-_yYp,published,Pass,90,results=16/16; avgSummary=233; thinRows=0,
database,cafe-order-decision-kgRg,published,Pass,90,results=16/16; avgSummary=298; thinRows=0,
database,cake-cutting-style-test-G9Ge,published,Pass,90,results=16/16; avgSummary=295; thinRows=0,
database,calendar-blocking-style-qPuE,published,Pass,90,results=16/16; avgSummary=276; thinRows=0,
database,calendar-color-type-jLKH,published,Pass,90,results=16/16; avgSummary=272; thinRows=0,
database,canceled-plan-response-xyfb,published,Pass,90,results=16/16; avgSummary=158; thinRows=0,
database,cart-abandon-style-N3j0,published,Pass,90,results=16/16; avgSummary=212; thinRows=0,
database,cart-hold-style-Z3Mt,published,Pass,90,results=16/16; avgSummary=169; thinRows=0,
database,challenge-participation-style-test-DcIo,published,Pass,90,results=16/16; avgSummary=209; thinRows=0,
database,character-immersion-2WfA,published,Pass,90,results=16/16; avgSummary=170; thinRows=0,
database,charger-borrowing-boundary-zghP,published,Pass,90,results=16/16; avgSummary=272; thinRows=0,
database,choice-fatigue-type-jPIl,published,Pass,90,results=16/16; avgSummary=193; thinRows=0,
database,class-question-style-s5Wm,published,Pass,90,results=16/16; avgSummary=181; thinRows=0,
database,cloud-file-organization-ntHx,published,Pass,90,results=16/16; avgSummary=292; thinRows=0,
database,club-activity-style-rUMo,published,Pass,90,results=16/16; avgSummary=291; thinRows=0,
database,compliment-response-style-XxQq,published,Pass,90,results=16/16; avgSummary=171; thinRows=0,
database,concert-standing-choice-P9px,published,Pass,90,results=16/16; avgSummary=177; thinRows=0,
database,conflict-cooling-time-rKHG,published,Pass,90,results=16/16; avgSummary=206; thinRows=0,
database,copywriting-practice-type-i4RP,published,Pass,90,results=16/16; avgSummary=193; thinRows=0,
database,coupon-decision-style-XdLE,published,Pass,90,results=16/16; avgSummary=164; thinRows=0,
database,coupon-saving-style-Z8L_,published,Pass,90,results=16/16; avgSummary=273; thinRows=0,
database,craft-kit-starting-n_-k,published,Pass,90,results=16/16; avgSummary=235; thinRows=0,
database,customer-inquiry-writing-UUva,published,Pass,90,results=16/16; avgSummary=162; thinRows=0,
database,dark-mode-choice-yotA,published,Pass,90,results=16/16; avgSummary=224; thinRows=0,
database,deadline-buffer-setting-XITN,published,Pass,90,results=16/16; avgSummary=287; thinRows=0,
database,delivery-waiting-style-USIB,published,Pass,90,results=16/16; avgSummary=186; thinRows=0,
database,desk-layout-style-I0VX,published,Pass,90,results=16/16; avgSummary=255; thinRows=0,
database,desk-snack-stash-F0f8,published,Pass,90,results=16/16; avgSummary=230; thinRows=0,
database,diary-decoration-type-BE_V,published,Pass,90,results=16/16; avgSummary=194; thinRows=0,
database,digital-backup-routine,published,Pass,90,results=16/16; avgSummary=278; thinRows=0,
database,digital-bookmark-sorting,published,Pass,90,results=16/16; avgSummary=284; thinRows=0,
database,digital-cloud-folder-rules,published,Pass,90,results=16/16; avgSummary=296; thinRows=0,
database,digital-device-battery-care,published,Pass,90,results=16/16; avgSummary=293; thinRows=0,
database,digital-digital-note-tagging,published,Pass,90,results=16/16; avgSummary=290; thinRows=0,
database,digital-digital-receipt-saving,published,Pass,90,results=16/16; avgSummary=290; thinRows=0,
database,digital-file-share-permission,published,Pass,90,results=16/16; avgSummary=290; thinRows=0,
database,digital-message-pin-habit,published,Pass,90,results=16/16; avgSummary=290; thinRows=0,
database,digital-online-cart-later,published,Pass,90,results=16/16; avgSummary=299; thinRows=0,
database,digital-password-reset-response,published,Pass,90,results=16/16; avgSummary=296; thinRows=0,
database,digital-screenshot-cleanup,published,Pass,90,results=16/16; avgSummary=287; thinRows=0,
database,digital-search-history-cleanup,published,Pass,90,results=16/16; avgSummary=290; thinRows=0,
database,digital-video-watch-later,published,Pass,90,results=16/16; avgSummary=299; thinRows=0,
database,digital-voice-memo-review,published,Pass,90,results=16/16; avgSummary=290; thinRows=0,
database,dm-boundary-type--qJH,published,Pass,90,results=16/16; avgSummary=200; thinRows=0,
database,document-review-pass-sGnI,published,Pass,90,results=16/16; avgSummary=235; thinRows=0,
database,door-holding-manners-7bbJ,published,Pass,90,results=16/16; avgSummary=239; thinRows=0,
database,download-folder-backlog-QUEd,published,Pass,90,results=16/16; avgSummary=236; thinRows=0,
database,drawing-style-mbti-test-aif7,published,Pass,90,results=16/16; avgSummary=220; thinRows=0,
database,drinking-buddy-type-test-x8nl,published,Pass,90,results=16/16; avgSummary=203; thinRows=0,
database,elevator-manner-style-_NOJ,published,Pass,90,results=16/16; avgSummary=309; thinRows=0,
database,elevator-small-talk-7ZoY,published,Pass,90,results=16/16; avgSummary=253; thinRows=0,
database,email-handling-style-xTrN,published,Pass,90,results=16/16; avgSummary=176; thinRows=0,
database,emergency-fund-style-ULX_,published,Pass,90,results=16/16; avgSummary=161; thinRows=0,
database,emoji-reaction-choice-DnDx,published,Pass,90,results=16/16; avgSummary=296; thinRows=0,
database,emotion-hiding-type--t0u,published,Pass,90,results=16/16; avgSummary=162; thinRows=0,
database,ending-interpretation-b2dc,published,Pass,90,results=16/16; avgSummary=153; thinRows=0,
database,episode-skip-threshold-5FGC,published,Pass,90,results=16/16; avgSummary=159; thinRows=0,
database,exam-checking-order-j6Dm,published,Pass,90,results=16/16; avgSummary=185; thinRows=0,
database,expectation-disappointment-hWUl,published,Pass,90,results=16/16; avgSummary=157; thinRows=0,
database,family-conflict-style-ZVxf,published,Pass,90,results=16/16; avgSummary=267; thinRows=0,
database,fandom-temperature-cp2E,published,Pass,90,results=16/16; avgSummary=176; thinRows=0,
database,favor-refusal-style-wMAG,published,Pass,90,results=16/16; avgSummary=168; thinRows=0,
database,feed-upload-standard-mAzK,published,Pass,90,results=16/16; avgSummary=219; thinRows=0,
database,feedback-reception-tendency-test-A9WY,published,Pass,90,results=16/16; avgSummary=170; thinRows=0,
database,filename-organization-tendency-test-T6tA,published,Pass,90,results=16/16; avgSummary=267; thinRows=0,
database,fine-dust-plan-change-nL0H,published,Pass,90,results=16/16; avgSummary=223; thinRows=0,
database,first-impression-style-jbpt,published,Pass,90,results=16/16; avgSummary=271; thinRows=0,
database,first-meeting-silence-AexZ,published,Pass,90,results=16/16; avgSummary=284; thinRows=0,
database,focus-music-choice-YZtD,published,Pass,90,results=16/16; avgSummary=186; thinRows=0,
database,free-sample-choice-_yxp,published,Pass,90,results=16/16; avgSummary=233; thinRows=0,
database,free-shipping-threshold-lRle,published,Pass,90,results=16/16; avgSummary=263; thinRows=0,
database,free-trial-cancel-style-ZfS7,published,Pass,90,results=16/16; avgSummary=276; thinRows=0,
database,friend-advice-style-PSLS,published,Pass,90,results=16/16; avgSummary=293; thinRows=0,
database,friend-photo-tagging-CKu1,published,Pass,90,results=16/16; avgSummary=245; thinRows=0,
database,friendship-pace-style-UsWe,published,Pass,90,results=16/16; avgSummary=214; thinRows=0,
database,goods-keeping-type-3ez-,published,Pass,90,results=16/16; avgSummary=205; thinRows=0,
database,grocery-label-checking-u3NR,published,Pass,90,results=16/16; avgSummary=278; thinRows=0,
database,group-chat-read-style-WLA_,published,Pass,90,results=16/16; avgSummary=263; thinRows=0,
database,group-trip-role-CIMN,published,Pass,90,results=16/16; avgSummary=257; thinRows=0,
database,gukmul-vs-bibim-style-test-p0Q2,published,Pass,90,results=16/16; avgSummary=246; thinRows=0,
database,heatwave-appointment-boundary-3uGU,published,Pass,90,results=16/16; avgSummary=290; thinRows=0,
database,hobby-tool-upgrade-2kvY,published,Pass,90,results=16/16; avgSummary=182; thinRows=0,
database,holiday-family-energy-gSgu,published,Pass,90,results=16/16; avgSummary=165; thinRows=0,
database,home-bedding-change-rhythm,published,Pass,90,results=16/16; avgSummary=290; thinRows=0,
database,home-blanket-storage-style,published,Pass,90,results=16/16; avgSummary=290; thinRows=0,
database,home-cleaning-tool-choice,published,Pass,90,results=16/16; avgSummary=290; thinRows=0,
database,home-closet-season-shift,published,Pass,90,results=16/16; avgSummary=287; thinRows=0,
database,home-delivery-box-disposal,published,Pass,90,results=16/16; avgSummary=290; thinRows=0,
database,home-desk-reset-routine,published,Pass,90,results=16/16; avgSummary=290; thinRows=0,
database,home-drawer-zone-making,published,Pass,90,results=16/16; avgSummary=290; thinRows=0,
database,home-entryway-organization,published,Pass,90,results=16/16; avgSummary=281; thinRows=0,
database,home-guest-ready-routine,published,Pass,90,results=16/16; avgSummary=287; thinRows=0,
database,home-home-noise-control,published,Pass,90,results=16/16; avgSummary=284; thinRows=0,
database,home-home-scent-choice,published,Pass,90,results=16/16; avgSummary=287; thinRows=0,
database,home-household-stock-check,published,Pass,90,results=16/16; avgSummary=296; thinRows=0,
database,home-kitchen-counter-reset,published,Pass,90,results=16/16; avgSummary=290; thinRows=0,
database,home-livingroom-reset,published,Pass,90,results=16/16; avgSummary=284; thinRows=0,
database,home-noise-boundary-FDVK,published,Pass,90,results=16/16; avgSummary=159; thinRows=0,
database,home-pantry-inventory,published,Pass,90,results=16/16; avgSummary=293; thinRows=0,
database,home-plant-watering-routine,published,Pass,90,results=16/16; avgSummary=290; thinRows=0,
database,home-seasonal-decor-storage,published,Pass,90,results=16/16; avgSummary=290; thinRows=0,
database,home-storage-box-labeling,published,Pass,90,results=16/16; avgSummary=293; thinRows=0,
database,home-toolbox-arrangement,published,Pass,90,results=16/16; avgSummary=281; thinRows=0,
database,home-trash-sorting-flow,published,Pass,90,results=16/16; avgSummary=287; thinRows=0,
database,home-window-cleaning-timing,published,Pass,90,results=16/16; avgSummary=290; thinRows=0,
database,household-tool-borrowing-KufB,published,Pass,90,results=16/16; avgSummary=261; thinRows=0,
database,ice-cup-choice-iOtX,published,Pass,90,results=16/16; avgSummary=257; thinRows=0,
database,insurance-clause-check-v2KO,published,Pass,90,results=16/16; avgSummary=274; thinRows=0,
database,jikdaeding-personality-test-2EK2,published,Pass,90,results=16/16; avgSummary=188; thinRows=0,
database,jjigae-vs-gukmul-personality-test-Wb50,published,Pass,90,results=16/16; avgSummary=184; thinRows=0,
database,jjimdak-vs-chicken-mbti-test-KN2X,published,Pass,90,results=16/16; avgSummary=321; thinRows=0,
database,keyboard-shortcut-use-C1SK,published,Pass,90,results=16/16; avgSummary=225; thinRows=0,
database,kimbap-dna-test-wTRs,published,Pass,90,results=16/16; avgSummary=250; thinRows=0,
database,korean-genre-style-test-C7vy,published,Pass,90,results=16/16; avgSummary=223; thinRows=0,
database,late-night-delivery-reason-L6od,published,Pass,90,results=16/16; avgSummary=169; thinRows=0,
database,laundry-detergent-choice-OFpy,published,Pass,90,results=16/16; avgSummary=262; thinRows=0,
database,leaving-check-style-rezv,published,Pass,90,results=16/16; avgSummary=168; thinRows=0,
database,leftovers-reheat-method-pgS7,published,Pass,90,results=16/16; avgSummary=276; thinRows=0,
database,library-seat-selection-test-PHK_,published,Pass,90,results=16/16; avgSummary=278; thinRows=0,
database,limited-drop-queue-GoUr,published,Pass,90,results=16/16; avgSummary=292; thinRows=0,
database,lost-item-response-style-hhXS,published,Pass,90,results=16/16; avgSummary=297; thinRows=0,
database,lunch-break-boundary-u6f4,published,Pass,90,results=16/16; avgSummary=196; thinRows=0,
database,lunchbox-style-test-BQ9n,published,Pass,90,results=16/16; avgSummary=210; thinRows=0,
database,map-route-selection-7Ri3,published,Pass,90,results=16/16; avgSummary=278; thinRows=0,
database,meeting-keyboard-sound-OZsn,published,Pass,90,results=16/16; avgSummary=278; thinRows=0,
database,meeting-note-taking-vYN8,published,Pass,90,results=16/16; avgSummary=265; thinRows=0,
database,meme-reaction-style-test-Fi2N,published,Pass,90,results=16/16; avgSummary=216; thinRows=0,
database,monsoon-indoor-plan-iouR,published,Pass,90,results=16/16; avgSummary=171; thinRows=0,
database,monthly-planner-map-pzVq,published,Pass,90,results=16/16; avgSummary=216; thinRows=0,
database,morning-window-open-bAAy,published,Pass,90,results=16/16; avgSummary=256; thinRows=0,
database,movie-credit-patience-wdtV,published,Pass,90,results=16/16; avgSummary=276; thinRows=0,
database,movie-picking-style-test-enKw,published,Pass,90,results=16/16; avgSummary=226; thinRows=0,
database,museum-route-style-tXqh,published,Pass,90,results=16/16; avgSummary=176; thinRows=0,
database,neighbor-smalltalk-style-eCoH,published,Pass,90,results=16/16; avgSummary=163; thinRows=0,
database,neighborhood-walk-route-yT-w,published,Pass,90,results=16/16; avgSummary=280; thinRows=0,
database,newsletter-curation-type-VmMb,published,Pass,90,results=16/16; avgSummary=184; thinRows=0,
database,newyear-goal-stamina-9kXr,published,Pass,90,results=16/16; avgSummary=156; thinRows=0,
database,nickname-acceptance-style-Y7BO,published,Pass,90,results=16/16; avgSummary=196; thinRows=0,
database,nickname-choice-type-QB-a,published,Pass,90,results=16/16; avgSummary=164; thinRows=0,
database,noodle-topping-extra-rAn3,published,Pass,90,results=16/16; avgSummary=266; thinRows=0,
database,notification-badge-clearing-mkq4,published,Pass,90,results=16/16; avgSummary=266; thinRows=0,
database,parcel-unboxing-style-6bhe,published,Pass,90,results=16/16; avgSummary=193; thinRows=0,
database,password-care-type-m9Ff,published,Pass,90,results=16/16; avgSummary=264; thinRows=0,
database,password-reset-reaction-_VrE,published,Pass,90,results=16/16; avgSummary=225; thinRows=0,
database,pen-choice-style-PDX4,published,Pass,90,results=16/16; avgSummary=231; thinRows=0,
database,perfection-balance-1xQC,published,Pass,90,results=16/16; avgSummary=263; thinRows=0,
database,phone-home-screen-priority-rTYp,published,Pass,90,results=16/16; avgSummary=272; thinRows=0,
database,photo-album-sorting-XSRL,published,Pass,90,results=16/16; avgSummary=278; thinRows=0,
database,photo-backup-timing-0Ztt,published,Pass,90,results=16/16; avgSummary=209; thinRows=0,
database,picnic-menu-packing-NJP5,published,Pass,90,results=16/16; avgSummary=177; thinRows=0,
database,pizza-topping-mbti-test-hFyj,published,Pass,90,results=16/16; avgSummary=218; thinRows=0,
database,plant-care-style-n-bg,published,Pass,90,results=16/16; avgSummary=285; thinRows=0,
database,playlist-ordering-style-OJGZ,published,Pass,90,results=16/16; avgSummary=200; thinRows=0,
database,popup-store-reaction-QO-G,published,Pass,90,results=16/16; avgSummary=162; thinRows=0,
database,practice-participation-attitude-test-6z2j,published,Pass,90,results=16/16; avgSummary=166; thinRows=0,
database,presentation-rehearsal-style-PwN_,published,Pass,90,results=16/16; avgSummary=289; thinRows=0,
database,price-alert-waiting-GPDC,published,Pass,90,results=16/16; avgSummary=153; thinRows=0,
database,procrastination-excuse-90j1,published,Pass,90,results=16/16; avgSummary=195; thinRows=0,
database,product-review-reading-style-t4jU,published,Pass,90,results=16/16; avgSummary=283; thinRows=0,
database,professor-consultation-readiness-test-lG38,published,Pass,90,results=16/16; avgSummary=197; thinRows=0,
database,promise-delay-reaction-nBFg,published,Pass,90,results=16/16; avgSummary=173; thinRows=0,
database,puzzle-solving-style-j5tm,published,Pass,90,results=16/16; avgSummary=165; thinRows=0,
database,quiz-pmctma-8zTO,published,Pass,90,results=16/16; avgSummary=282; thinRows=0,
database,quiz-tsa4s7-i_Ns,published,Pass,90,results=16/16; avgSummary=265; thinRows=0,
database,recycling-style-uVwT,published,Pass,90,results=16/16; avgSummary=156; thinRows=0,
database,reels-save-type-aTza,published,Pass,90,results=16/16; avgSummary=227; thinRows=0,
database,refund-exchange-style-p9m8,published,Pass,90,results=16/16; avgSummary=234; thinRows=0,
database,rejection-recovery-type-BQ7K,published,Pass,90,results=16/16; avgSummary=174; thinRows=0,
database,report-writing-style-test-mbti-5zzN,published,Pass,90,results=16/16; avgSummary=291; thinRows=0,
database,return-policy-reading-0a-0,published,Pass,90,results=16/16; avgSummary=258; thinRows=0,
database,return-window-check-2wTR,published,Pass,90,results=16/16; avgSummary=212; thinRows=0,
database,reunion-energy-type-O7te,published,Pass,90,results=16/16; avgSummary=240; thinRows=0,
database,review-routine-style-7DoW,published,Pass,90,results=16/16; avgSummary=279; thinRows=0,
database,reward-point-timing-3Q0A,published,Pass,90,results=16/16; avgSummary=215; thinRows=0,
database,room-temperature-control-Iyh6,published,Pass,90,results=16/16; avgSummary=186; thinRows=0,
database,salad-dressing-mbti-test-vb9p,published,Pass,90,results=16/16; avgSummary=228; thinRows=0,
database,salad-ingredient-picking-UBLW,published,Pass,90,results=16/16; avgSummary=176; thinRows=0,
database,sauce-pour-order-OUnF,published,Pass,90,results=16/16; avgSummary=244; thinRows=0,
database,scent-rest-type-pS0q,published,Pass,90,results=16/16; avgSummary=196; thinRows=0,
database,scholarship-preparation-test-XfMX,published,Pass,90,results=16/16; avgSummary=267; thinRows=0,
database,screenshot-saving-style-fdmo,published,Pass,90,results=16/16; avgSummary=198; thinRows=0,
database,search-query-style-w81Y,published,Pass,90,results=16/16; avgSummary=171; thinRows=0,
database,secondhand-chat-style-3a9U,published,Pass,90,results=16/16; avgSummary=278; thinRows=0,
database,secret-keeping-style-zDhY,published,Pass,90,results=16/16; avgSummary=217; thinRows=0,
database,series-rewatch-trigger-JYm_,published,Pass,90,results=16/16; avgSummary=233; thinRows=0,
database,shared-fridge-etiquette-JVC8,published,Pass,90,results=16/16; avgSummary=265; thinRows=0,
database,shared-space-style-MS5K,published,Pass,90,results=16/16; avgSummary=166; thinRows=0,
database,shoe-rack-order-NEo-,published,Pass,90,results=16/16; avgSummary=164; thinRows=0,
database,shortform-scroll-stop--HNY,published,Pass,90,results=16/16; avgSummary=242; thinRows=0,
database,sink-dish-timing-ckDP,published,Pass,90,results=16/16; avgSummary=273; thinRows=0,
database,slang-adoption-type-cc0Q,published,Pass,90,results=16/16; avgSummary=235; thinRows=0,
database,snack-sharing-boundary-qlxc,published,Pass,90,results=16/16; avgSummary=286; thinRows=0,
database,sns-profile-vibe-3Pd7,published,Pass,90,results=16/16; avgSummary=259; thinRows=0,
database,solo-time-recharge-fhhz,published,Pass,90,results=16/16; avgSummary=194; thinRows=0,
database,spicy-challenge-reaction-Se6o,published,Pass,90,results=16/16; avgSummary=295; thinRows=0,
database,split-bill-discussion-S3YP,published,Pass,90,results=16/16; avgSummary=196; thinRows=0,
database,spoiler-boundary-FnQO,published,Pass,90,results=16/16; avgSummary=284; thinRows=0,
database,sports-cheering-volume-nzsJ,published,Pass,90,results=16/16; avgSummary=287; thinRows=0,
database,spring-change-drive-zy00,published,Pass,90,results=16/16; avgSummary=160; thinRows=0,
database,status-message-update-vuD-,published,Pass,90,results=16/16; avgSummary=213; thinRows=0,
database,sticker-collecting-style-G9Zk,published,Pass,90,results=16/16; avgSummary=194; thinRows=0,
database,story-highlight-curation-Ik3b,published,Pass,90,results=16/16; avgSummary=278; thinRows=0,
database,streaming-watchlist-style-Yr1B,published,Pass,90,results=16/16; avgSummary=270; thinRows=0,
database,study-break-timing-K8Ot,published,Pass,90,results=16/16; avgSummary=238; thinRows=0,
database,subscription-cancel-timing-dqRa,published,Pass,90,results=16/16; avgSummary=228; thinRows=0,
database,subway-vs-bus-personality-test-93VO,published,Pass,90,results=16/16; avgSummary=233; thinRows=0,
database,sushi-mbti-test-Yw65,published,Pass,90,results=16/16; avgSummary=236; thinRows=0,
database,tanghulu-mbti-test-ej0S,published,Pass,90,results=16/16; avgSummary=285; thinRows=0,
database,tangsooyuk-test-8enk,published,Pass,90,results=16/16; avgSummary=209; thinRows=0,
database,task-switching-speed-Wn6a,published,Pass,90,results=16/16; avgSummary=249; thinRows=0,
database,team-chat-mention-style-_cDp,published,Pass,90,results=16/16; avgSummary=250; thinRows=0,
database,test-quiz-2-godsaeng-master-Tjjb,published,Pass,90,results=16/16; avgSummary=206; thinRows=0,
database,theater-entry-timing-yqJI,published,Pass,90,results=16/16; avgSummary=259; thinRows=0,
database,timetable-planning-style-vQJS,published,Pass,90,results=16/16; avgSummary=266; thinRows=0,
database,trailer-trust-type-vTSg,published,Pass,90,results=16/16; avgSummary=217; thinRows=0,
database,trash-bag-replacement-mPUj,published,Pass,90,results=16/16; avgSummary=282; thinRows=0,
database,travel-souvenir-choice-bIsE,published,Pass,90,results=16/16; avgSummary=235; thinRows=0,
database,umbrella-prep-style-PBoR,published,Pass,90,results=16/16; avgSummary=193; thinRows=0,
database,umbrella-sharing-style-bTtR,published,Pass,90,results=16/16; avgSummary=289; thinRows=0,
database,utility-bill-style-NmoJ,published,Pass,90,results=16/16; avgSummary=169; thinRows=0,
database,vacation-afterglow-WWzL,published,Pass,90,results=16/16; avgSummary=237; thinRows=0,
database,vacation-handover-mbti-test-HJA0,published,Pass,90,results=16/16; avgSummary=281; thinRows=0,
database,waiting-line-behavior-0oBM,published,Pass,90,results=16/16; avgSummary=175; thinRows=0,
database,wallet-place-routine-mJpI,published,Pass,90,results=16/16; avgSummary=258; thinRows=0,
database,warranty-registration-style-GAQ1,published,Pass,90,results=16/16; avgSummary=233; thinRows=0,
database,warranty-repair-response-vkIk,published,Pass,90,results=16/16; avgSummary=155; thinRows=0,
database,water-temperature-choice-hFrW,published,Pass,90,results=16/16; avgSummary=241; thinRows=0,
database,webtoon-comment-reading-qeOi,published,Pass,90,results=16/16; avgSummary=248; thinRows=0,
database,weekend-invitation-choice-euCX,published,Pass,90,results=16/16; avgSummary=178; thinRows=0,
database,winter-layering-style-fNqz,published,Pass,90,results=16/16; avgSummary=270; thinRows=0,
database,work-handover-style-test-8pFU,published,Pass,90,results=16/16; avgSummary=266; thinRows=0,
database,work-note-habit-test-r7CT,published,Pass,90,results=16/16; avgSummary=269; thinRows=0,
database,work-priority-test-bdXE,published,Pass,90,results=16/16; avgSummary=268; thinRows=0,
database,work-refusal-style-test-E4sK,published,Pass,90,results=16/16; avgSummary=162; thinRows=0,
database,work-request-style-PmKx,published,Pass,90,results=16/16; avgSummary=183; thinRows=0,
database,year-end-reflection-oF8m,published,Pass,90,results=16/16; avgSummary=270; thinRows=0,
data/quiz-wave3-200.json,home-closet-season-shift,source-json,Pass,90,results=16; avgSummary=288; thinRows=0,
data/quiz-wave3-200.json,home-desk-reset-routine,source-json,Pass,90,results=16; avgSummary=276; thinRows=0,
data/quiz-wave3-200.json,home-entryway-organization,source-json,Pass,90,results=16; avgSummary=339; thinRows=0,
data/quiz-wave3-200.json,home-pantry-inventory,source-json,Pass,90,results=16; avgSummary=207; thinRows=0,
data/quiz-wave3-200.json,home-bedding-change-rhythm,source-json,Pass,90,results=16; avgSummary=276; thinRows=0,
data/quiz-wave3-200.json,home-plant-watering-routine,source-json,Pass,90,results=16; avgSummary=276; thinRows=0,
data/quiz-wave3-200.json,home-trash-sorting-flow,source-json,Pass,90,results=16; avgSummary=288; thinRows=0,
data/quiz-wave3-200.json,home-toolbox-arrangement,source-json,Pass,90,results=16; avgSummary=339; thinRows=0,
data/quiz-wave3-200.json,home-storage-box-labeling,source-json,Pass,90,results=16; avgSummary=207; thinRows=0,
data/quiz-wave3-200.json,home-delivery-box-disposal,source-json,Pass,90,results=16; avgSummary=276; thinRows=0,
data/quiz-wave3-200.json,home-livingroom-reset,source-json,Pass,90,results=16; avgSummary=314; thinRows=0,
data/quiz-wave3-200.json,home-seasonal-decor-storage,source-json,Pass,90,results=16; avgSummary=276; thinRows=0,
data/quiz-wave3-200.json,home-household-stock-check,source-json,Pass,90,results=16; avgSummary=165; thinRows=0,
data/quiz-wave3-200.json,home-drawer-zone-making,source-json,Pass,90,results=16; avgSummary=276; thinRows=0,
data/quiz-wave3-200.json,home-cleaning-tool-choice,source-json,Pass,90,results=16; avgSummary=276; thinRows=0,
data/quiz-wave3-200.json,home-window-cleaning-timing,source-json,Pass,90,results=16; avgSummary=276; thinRows=0,
data/quiz-wave3-200.json,home-home-scent-choice,source-json,Pass,90,results=16; avgSummary=288; thinRows=0,
data/quiz-wave3-200.json,home-guest-ready-routine,source-json,Pass,90,results=16; avgSummary=288; thinRows=0,
data/quiz-wave3-200.json,home-home-noise-control,source-json,Pass,90,results=16; avgSummary=314; thinRows=0,
data/quiz-wave3-200.json,home-blanket-storage-style,source-json,Pass,90,results=16; avgSummary=276; thinRows=0,
data/quiz-wave3-200.json,home-kitchen-counter-reset,source-json,Pass,90,results=16; avgSummary=276; thinRows=0,
data/quiz-wave3-200.json,digital-screenshot-cleanup,source-json,Pass,90,results=16; avgSummary=288; thinRows=0,
data/quiz-wave3-200.json,digital-password-reset-response,source-json,Pass,90,results=16; avgSummary=165; thinRows=0,
data/quiz-wave3-200.json,digital-cloud-folder-rules,source-json,Pass,90,results=16; avgSummary=165; thinRows=0,
data/quiz-wave3-200.json,digital-digital-receipt-saving,source-json,Pass,90,results=16; avgSummary=276; thinRows=0,
data/quiz-wave3-200.json,digital-bookmark-sorting,source-json,Pass,90,results=16; avgSummary=314; thinRows=0,
data/quiz-wave3-200.json,digital-message-pin-habit,source-json,Pass,90,results=16; avgSummary=276; thinRows=0,
data/quiz-wave3-200.json,digital-voice-memo-review,source-json,Pass,90,results=16; avgSummary=276; thinRows=0,
data/quiz-wave3-200.json,digital-device-battery-care,source-json,Pass,90,results=16; avgSummary=207; thinRows=0,
data/quiz-wave3-200.json,digital-backup-routine,source-json,Pass,90,results=16; avgSummary=336; thinRows=0,
data/quiz-wave3-200.json,digital-online-cart-later,source-json,Pass,90,results=16; avgSummary=122; thinRows=0,
data/quiz-wave3-200.json,digital-search-history-cleanup,source-json,Pass,90,results=16; avgSummary=276; thinRows=0,
data/quiz-wave3-200.json,digital-digital-note-tagging,source-json,Pass,90,results=16; avgSummary=276; thinRows=0,
data/quiz-wave3-200.json,digital-video-watch-later,source-json,Pass,90,results=16; avgSummary=122; thinRows=0,
data/quiz-wave3-200.json,digital-file-share-permission,source-json,Pass,90,results=16; avgSummary=276; thinRows=0,
data/quiz-wave3-200.json,digital-desktop-wallpaper-choice,source-json,Pass,90,results=16; avgSummary=314; thinRows=0,
data/quiz-wave3-200.json,digital-email-label-rules,source-json,Pass,90,results=16; avgSummary=207; thinRows=0,
data/quiz-wave3-200.json,digital-messenger-muted-chat,source-json,Pass,90,results=16; avgSummary=276; thinRows=0,
data/quiz-wave3-200.json,digital-device-upgrade-timing,source-json,Pass,90,results=16; avgSummary=207; thinRows=0,
data/quiz-wave3-200.json,digital-online-profile-update,source-json,Pass,90,results=16; avgSummary=165; thinRows=0,
data/quiz-wave3-200.json,relation-birthday-message-tone,source-json,Pass,90,results=16; avgSummary=289; thinRows=0,
data/quiz-wave3-200.json,relation-late-reply-handling,source-json,Pass,90,results=16; avgSummary=289; thinRows=0,
data/quiz-wave3-200.json,relation-awkward-silence-handling,source-json,Pass,90,results=16; avgSummary=289; thinRows=0,
data/quiz-wave3-200.json,relation-gift-card-writing,source-json,Pass,90,results=16; avgSummary=289; thinRows=0,
data/quiz-wave3-200.json,relation-meeting-new-friend,source-json,Pass,90,results=16; avgSummary=314; thinRows=0,
data/quiz-wave3-200.json,relation-conflict-cooldown,source-json,Pass,90,results=16; avgSummary=340; thinRows=0,
data/quiz-wave3-200.json,relation-promise-time-check,source-json,Pass,90,results=16; avgSummary=289; thinRows=0,
data/quiz-wave3-200.json,relation-memory-sharing-style,source-json,Pass,90,results=16; avgSummary=289; thinRows=0,
data/quiz-wave3-200.json,relation-comfort-message-style,source-json,Pass,90,results=16; avgSummary=289; thinRows=0,
data/quiz-wave3-200.json,relation-party-exit-timing,source-json,Pass,90,results=16; avgSummary=277; thinRows=0,
data/quiz-wave3-200.json,relation-name-remembering-effort,source-json,Pass,90,results=16; avgSummary=289; thinRows=0,
data/quiz-wave3-200.json,relation-photo-tagging-manner,source-json,Pass,90,results=16; avgSummary=314; thinRows=0,
data/quiz-wave3-200.json,relation-borrowed-item-return,source-json,Pass,90,results=16; avgSummary=289; thinRows=0,
data/quiz-wave3-200.json,relation-neighbor-greeting-style,source-json,Pass,90,results=16; avgSummary=289; thinRows=0,
data/quiz-wave3-200.json,relation-reunion-prep-style,source-json,Pass,90,results=16; avgSummary=277; thinRows=0,
data/quiz-wave3-200.json,relation-thanks-message-depth,source-json,Pass,90,results=16; avgSummary=289; thinRows=0,
data/quiz-wave3-200.json,relation-inside-joke-usage,source-json,Pass,90,results=16; avgSummary=289; thinRows=0,
data/quiz-wave3-200.json,relation-relationship-distance-reset,source-json,Pass,90,results=16; avgSummary=289; thinRows=0,
data/quiz-wave3-200.json,relation-team-lunch-talk,source-json,Pass,90,results=16; avgSummary=289; thinRows=0,
data/quiz-wave3-200.json,relation-invitation-response,source-json,Pass,90,results=16; avgSummary=289; thinRows=0,
data/quiz-wave3-200.json,self-morning-first-task,source-json,Pass,90,results=16; avgSummary=287; thinRows=0,
data/quiz-wave3-200.json,self-weekly-review-habit,source-json,Pass,90,results=16; avgSummary=206; thinRows=0,
data/quiz-wave3-200.json,self-habit-tracker-use,source-json,Pass,90,results=16; avgSummary=206; thinRows=0,
data/quiz-wave3-200.json,self-personal-rule-making,source-json,Pass,90,results=16; avgSummary=122; thinRows=0,
data/quiz-wave3-200.json,self-motivation-slump-response,source-json,Pass,90,results=16; avgSummary=206; thinRows=0,
data/quiz-wave3-200.json,self-reward-setting-style,source-json,Pass,90,results=16; avgSummary=276; thinRows=0,
data/quiz-wave3-200.json,self-focus-break-rhythm,source-json,Pass,90,results=16; avgSummary=206; thinRows=0,
data/quiz-wave3-200.json,self-self-check-question,source-json,Pass,90,results=16; avgSummary=206; thinRows=0,
data/quiz-wave3-200.json,self-schedule-buffer-making,source-json,Pass,90,results=16; avgSummary=206; thinRows=0,
data/quiz-wave3-200.json,self-goal-wording-style,source-json,Pass,90,results=16; avgSummary=206; thinRows=0,
data/quiz-wave3-200.json,self-routine-restart-style,source-json,Pass,90,results=16; avgSummary=287; thinRows=0,
data/quiz-wave3-200.json,self-mood-log-habit,source-json,Pass,90,results=16; avgSummary=276; thinRows=0,
data/quiz-wave3-200.json,self-personal-space-reset,source-json,Pass,90,results=16; avgSummary=122; thinRows=0,
data/quiz-wave3-200.json,self-decision-fatigue-care,source-json,Pass,90,results=16; avgSummary=206; thinRows=0,
data/quiz-wave3-200.json,self-promise-to-self,source-json,Pass,90,results=16; avgSummary=276; thinRows=0,
data/quiz-wave3-200.json,self-daily-priority-one,source-json,Pass,90,results=16; avgSummary=122; thinRows=0,
data/quiz-wave3-200.json,self-self-feedback-tone,source-json,Pass,90,results=16; avgSummary=165; thinRows=0,
data/quiz-wave3-200.json,self-energy-budgeting,source-json,Pass,90,results=16; avgSummary=313; thinRows=0,
data/quiz-wave3-200.json,self-monthly-theme-setting,source-json,Pass,90,results=16; avgSummary=206; thinRows=0,
data/quiz-wave3-200.json,self-rest-day-planning,source-json,Pass,90,results=16; avgSummary=276; thinRows=0,
data/quiz-wave3-200.json,self-attention-reset,source-json,Pass,90,results=16; avgSummary=287; thinRows=0,
data/quiz-wave3-200.json,self-small-win-collecting,source-json,Pass,90,results=16; avgSummary=165; thinRows=0,
data/quiz-wave3-200.json,self-routine-minimum-line,source-json,Pass,90,results=16; avgSummary=206; thinRows=0,
data/quiz-wave3-200.json,hobby-craft-project-start,source-json,Pass,90,results=16; avgSummary=337; thinRows=0,
data/quiz-wave3-200.json,hobby-playlist-curation,source-json,Pass,90,results=16; avgSummary=165; thinRows=0,
data/quiz-wave3-200.json,hobby-bookstore-browsing,source-json,Pass,90,results=16; avgSummary=340; thinRows=0,
data/quiz-wave3-200.json,hobby-concert-seat-choice,source-json,Pass,90,results=16; avgSummary=289; thinRows=0,
data/quiz-wave3-200.json,hobby-movie-review-note,source-json,Pass,90,results=16; avgSummary=289; thinRows=0,
data/quiz-wave3-200.json,hobby-hobby-supply-shopping,source-json,Pass,90,results=16; avgSummary=314; thinRows=0,
data/quiz-wave3-200.json,hobby-drawing-reference-choice,source-json,Pass,90,results=16; avgSummary=207; thinRows=0,
data/quiz-wave3-200.json,hobby-music-practice-rhythm,source-json,Pass,90,results=16; avgSummary=314; thinRows=0,
data/quiz-wave3-200.json,hobby-collection-display,source-json,Pass,90,results=16; avgSummary=340; thinRows=0,
data/quiz-wave3-200.json,hobby-workshop-participation,source-json,Pass,90,results=16; avgSummary=207; thinRows=0,
data/quiz-wave3-200.json,hobby-hobby-sharing-post,source-json,Pass,90,results=16; avgSummary=289; thinRows=0,
data/quiz-wave3-200.json,hobby-game-difficulty-choice,source-json,Pass,90,results=16; avgSummary=277; thinRows=0,
data/quiz-wave3-200.json,hobby-reading-list-priority,source-json,Pass,90,results=16; avgSummary=277; thinRows=0,
data/quiz-wave3-200.json,hobby-creative-block-response,source-json,Pass,90,results=16; avgSummary=314; thinRows=0,
data/quiz-wave3-200.json,hobby-photo-walk-route,source-json,Pass,90,results=16; avgSummary=289; thinRows=0,
data/quiz-wave3-200.json,hobby-home-cafe-setup,source-json,Pass,90,results=16; avgSummary=340; thinRows=0,
data/quiz-wave3-200.json,hobby-hobby-budget-line,source-json,Pass,90,results=16; avgSummary=289; thinRows=0,
data/quiz-wave3-200.json,hobby-weekend-project-plan,source-json,Pass,90,results=16; avgSummary=277; thinRows=0,
data/quiz-wave3-200.json,hobby-learning-kit-choice,source-json,Pass,90,results=16; avgSummary=289; thinRows=0,
data/quiz-wave3-200.json,hobby-solo-hobby-depth,source-json,Pass,90,results=16; avgSummary=165; thinRows=0,
data/quiz-wave3-200.json,spend-wish-list-pruning,source-json,Pass,90,results=16; avgSummary=314; thinRows=0,
data/quiz-wave3-200.json,spend-review-reading-depth,source-json,Pass,90,results=16; avgSummary=289; thinRows=0,
data/quiz-wave3-200.json,spend-return-decision-style,source-json,Pass,90,results=16; avgSummary=337; thinRows=0,
data/quiz-wave3-200.json,spend-coupon-use-timing,source-json,Pass,90,results=16; avgSummary=289; thinRows=0,
data/quiz-wave3-200.json,spend-limited-edition-response,source-json,Pass,90,results=16; avgSummary=340; thinRows=0,
data/quiz-wave3-200.json,spend-gift-budget-setting,source-json,Pass,90,results=16; avgSummary=314; thinRows=0,
data/quiz-wave3-200.json,spend-offline-store-route,source-json,Pass,90,results=16; avgSummary=207; thinRows=0,
data/quiz-wave3-200.json,spend-delivery-fee-threshold,source-json,Pass,90,results=16; avgSummary=340; thinRows=0,
data/quiz-wave3-200.json,spend-bulk-buy-judgment,source-json,Pass,90,results=16; avgSummary=289; thinRows=0,
data/quiz-wave3-200.json,spend-sample-test-before-buy,source-json,Pass,90,results=16; avgSummary=207; thinRows=0,
data/quiz-wave3-200.json,spend-price-alert-setting,source-json,Pass,90,results=16; avgSummary=314; thinRows=0,
data/quiz-wave3-200.json,spend-subscription-keep-cancel,source-json,Pass,90,results=16; avgSummary=289; thinRows=0,
data/quiz-wave3-200.json,spend-payment-method-choice,source-json,Pass,90,results=16; avgSummary=340; thinRows=0,
data/quiz-wave3-200.json,spend-shopping-list-discipline,source-json,Pass,90,results=16; avgSummary=277; thinRows=0,
data/quiz-wave3-200.json,spend-impulse-buy-cooldown,source-json,Pass,90,results=16; avgSummary=314; thinRows=0,
data/quiz-wave3-200.json,spend-product-color-choice,source-json,Pass,90,results=16; avgSummary=314; thinRows=0,
data/quiz-wave3-200.json,spend-unboxing-reaction,source-json,Pass,90,results=16; avgSummary=340; thinRows=0,
data/quiz-wave3-200.json,spend-warranty-keeping-style,source-json,Pass,90,results=16; avgSummary=340; thinRows=0,
data/quiz-wave3-200.json,spend-comparison-table-making,source-json,Pass,90,results=16; avgSummary=337; thinRows=0,
data/quiz-wave3-200.json,spend-personal-luxury-line,source-json,Pass,90,results=16; avgSummary=277; thinRows=0,
data/quiz-wave3-200.json,spend-minimal-buying-rule,source-json,Pass,90,results=16; avgSummary=277; thinRows=0,
data/quiz-wave3-200.json,travel-souvenir-choice-style,source-json,Pass,90,results=16; avgSummary=337; thinRows=0,
data/quiz-wave3-200.json,travel-hotel-room-settling,source-json,Pass,90,results=16; avgSummary=207; thinRows=0,
data/quiz-wave3-200.json,travel-travel-photo-selection,source-json,Pass,90,results=16; avgSummary=289; thinRows=0,
data/quiz-wave3-200.json,travel-local-transport-choice,source-json,Pass,90,results=16; avgSummary=314; thinRows=0,
data/quiz-wave3-200.json,travel-rainy-trip-response,source-json,Pass,90,results=16; avgSummary=207; thinRows=0,
data/quiz-wave3-200.json,travel-travel-budget-envelope,source-json,Pass,90,results=16; avgSummary=289; thinRows=0,
data/quiz-wave3-200.json,travel-restaurant-waiting-choice,source-json,Pass,90,results=16; avgSummary=314; thinRows=0,
data/quiz-wave3-200.json,travel-itinerary-change-response,source-json,Pass,90,results=16; avgSummary=289; thinRows=0,
data/quiz-wave3-200.json,travel-travel-companion-role,source-json,Pass,90,results=16; avgSummary=314; thinRows=0,
data/quiz-wave3-200.json,travel-airport-dutyfree-route,source-json,Pass,90,results=16; avgSummary=314; thinRows=0,
data/quiz-wave3-200.json,travel-luggage-weight-check,source-json,Pass,90,results=16; avgSummary=277; thinRows=0,
data/quiz-wave3-200.json,travel-travel-note-keeping,source-json,Pass,90,results=16; avgSummary=277; thinRows=0,
data/quiz-wave3-200.json,travel-local-market-browsing,source-json,Pass,90,results=16; avgSummary=277; thinRows=0,
data/quiz-wave3-200.json,travel-museum-audio-guide,source-json,Pass,90,results=16; avgSummary=207; thinRows=0,
data/quiz-wave3-200.json,travel-sunrise-plan-choice,source-json,Pass,90,results=16; avgSummary=289; thinRows=0,
data/quiz-wave3-200.json,travel-post-trip-organizing,source-json,Pass,90,results=16; avgSummary=314; thinRows=0,
data/quiz-wave3-200.json,travel-passport-copy-habit,source-json,Pass,90,results=16; avgSummary=314; thinRows=0,
data/quiz-wave3-200.json,travel-seat-upgrade-decision,source-json,Pass,90,results=16; avgSummary=165; thinRows=0,
data/quiz-wave3-200.json,travel-tour-vs-free-time,source-json,Pass,90,results=16; avgSummary=165; thinRows=0,
data/quiz-wave3-200.json,travel-souvenir-list-check,source-json,Pass,90,results=16; avgSummary=314; thinRows=0,
data/quiz-wave3-200.json,travel-travel-weather-pack,source-json,Pass,90,results=16; avgSummary=289; thinRows=0,
data/quiz-wave3-200.json,travel-trip-memory-share,source-json,Pass,90,results=16; avgSummary=277; thinRows=0,
data/quiz-wave3-200.json,workplus-meeting-note-action,source-json,Pass,90,results=16; avgSummary=289; thinRows=0,
data/quiz-wave3-200.json,workplus-office-seat-preference,source-json,Pass,90,results=16; avgSummary=289; thinRows=0,
data/quiz-wave3-200.json,workplus-shared-drive-rules,source-json,Pass,90,results=16; avgSummary=207; thinRows=0,
data/quiz-wave3-200.json,workplus-quick-question-timing,source-json,Pass,90,results=16; avgSummary=277; thinRows=0,
data/quiz-wave3-200.json,workplus-work-chat-threading,source-json,Pass,90,results=16; avgSummary=289; thinRows=0,
data/quiz-wave3-200.json,workplus-urgent-task-triage,source-json,Pass,90,results=16; avgSummary=289; thinRows=0,
data/quiz-wave3-200.json,workplus-meeting-camera-choice,source-json,Pass,90,results=16; avgSummary=289; thinRows=0,
data/quiz-wave3-200.json,workplus-document-version-rule,source-json,Pass,90,results=16; avgSummary=314; thinRows=0,
data/quiz-wave3-200.json,workplus-workday-wrap-up,source-json,Pass,90,results=16; avgSummary=289; thinRows=0,
data/quiz-wave3-200.json,workplus-team-calendar-check,source-json,Pass,90,results=16; avgSummary=289; thinRows=0,
data/quiz-wave3-200.json,workplus-office-supply-refill,source-json,Pass,90,results=16; avgSummary=340; thinRows=0,
data/quiz-wave3-200.json,workplus-approval-line-check,source-json,Pass,90,results=16; avgSummary=340; thinRows=0,
data/quiz-wave3-200.json,workplus-handoff-risk-note,source-json,Pass,90,results=16; avgSummary=165; thinRows=0,
data/quiz-wave3-200.json,workplus-after-meeting-followup,source-json,Pass,90,results=16; avgSummary=207; thinRows=0,
data/quiz-wave3-200.json,workplus-new-tool-adoption,source-json,Pass,90,results=16; avgSummary=207; thinRows=0,
data/quiz-wave3-200.json,workplus-quiet-work-block,source-json,Pass,90,results=16; avgSummary=289; thinRows=0,
data/quiz-wave3-200.json,workplus-cross-team-message,source-json,Pass,90,results=16; avgSummary=277; thinRows=0,
data/quiz-wave3-200.json,choice-elevator-wait-choice,source-json,Pass,90,results=16; avgSummary=206; thinRows=0,
data/quiz-wave3-200.json,choice-queue-line-choice,source-json,Pass,90,results=16; avgSummary=122; thinRows=0,
data/quiz-wave3-200.json,choice-lost-and-found-action,source-json,Pass,90,results=16; avgSummary=313; thinRows=0,
data/quiz-wave3-200.json,choice-repair-or-replace,source-json,Pass,90,results=16; avgSummary=165; thinRows=0,
data/quiz-wave3-200.json,choice-noise-complaint-style,source-json,Pass,90,results=16; avgSummary=206; thinRows=0,
data/quiz-wave3-200.json,choice-appointment-reschedule,source-json,Pass,90,results=16; avgSummary=276; thinRows=0,
data/quiz-wave3-200.json,choice-new-place-adaptation,source-json,Pass,90,results=16; avgSummary=276; thinRows=0,
data/quiz-wave3-200.json,choice-public-manner-check,source-json,Pass,90,results=16; avgSummary=287; thinRows=0,
data/quiz-wave3-200.json,choice-crowded-place-response,source-json,Pass,90,results=16; avgSummary=206; thinRows=0,
data/quiz-wave3-200.json,choice-lost-receipt-handling,source-json,Pass,90,results=16; avgSummary=206; thinRows=0,
data/quiz-wave3-200.json,choice-time-gap-filling,source-json,Pass,90,results=16; avgSummary=123; thinRows=0,
data/quiz-wave3-200.json,choice-seat-choice-public,source-json,Pass,90,results=16; avgSummary=122; thinRows=0,
data/quiz-wave3-200.json,choice-unexpected-call-response,source-json,Pass,90,results=16; avgSummary=165; thinRows=0,
data/quiz-wave3-200.json,choice-schedule-overlap-choice,source-json,Pass,90,results=16; avgSummary=206; thinRows=0,
data/quiz-wave3-200.json,choice-daily-route-change,source-json,Pass,90,results=16; avgSummary=206; thinRows=0,
data/quiz-wave3-200.json,choice-waiting-message-send,source-json,Pass,90,results=16; avgSummary=276; thinRows=0,
data/quiz-wave3-200.json,choice-small-risk-check,source-json,Pass,90,results=16; avgSummary=206; thinRows=0,
data/quiz-wave3-200.json,choice-public-device-use,source-json,Pass,90,results=16; avgSummary=276; thinRows=0,
data/quiz-wave3-200.json,choice-lost-direction-ask,source-json,Pass,90,results=16; avgSummary=276; thinRows=0,
data/quiz-wave3-200.json,choice-plan-b-ready,source-json,Pass,90,results=16; avgSummary=206; thinRows=0,
data/quiz-wave3-200.json,emotion-bad-news-processing,source-json,Pass,90,results=16; avgSummary=277; thinRows=0,
data/quiz-wave3-200.json,emotion-good-news-sharing,source-json,Pass,90,results=16; avgSummary=289; thinRows=0,
data/quiz-wave3-200.json,emotion-embarrassment-recovery,source-json,Pass,90,results=16; avgSummary=340; thinRows=0,
data/quiz-wave3-200.json,emotion-anger-cooldown-style,source-json,Pass,90,results=16; avgSummary=314; thinRows=0,
data/quiz-wave3-200.json,emotion-worry-note-style,source-json,Pass,90,results=16; avgSummary=337; thinRows=0,
data/quiz-wave3-200.json,emotion-nostalgia-response,source-json,Pass,90,results=16; avgSummary=289; thinRows=0,
data/quiz-wave3-200.json,emotion-lonely-evening-plan,source-json,Pass,90,results=16; avgSummary=277; thinRows=0,
data/quiz-wave3-200.json,emotion-pride-expression,source-json,Pass,90,results=16; avgSummary=340; thinRows=0,
data/quiz-wave3-200.json,emotion-regret-review-style,source-json,Pass,90,results=16; avgSummary=314; thinRows=0,
data/quiz-wave3-200.json,emotion-overthinking-stop,source-json,Pass,90,results=16; avgSummary=289; thinRows=0,
data/quiz-wave3-200.json,emotion-comfort-object-choice,source-json,Pass,90,results=16; avgSummary=289; thinRows=0,
data/quiz-wave3-200.json,emotion-mood-music-choice,source-json,Pass,90,results=16; avgSummary=277; thinRows=0,
data/quiz-wave3-200.json,emotion-stress-room-reset,source-json,Pass,90,results=16; avgSummary=277; thinRows=0,
data/quiz-wave3-200.json,emotion-apology-readiness,source-json,Pass,90,results=16; avgSummary=289; thinRows=0,
data/quiz-wave3-200.json,emotion-thanks-acceptance,source-json,Pass,90,results=16; avgSummary=277; thinRows=0,
data/quiz-wave3-200.json,emotion-memory-box-opening,source-json,Pass,90,results=16; avgSummary=314; thinRows=0,
data/quiz-wave3-200.json,emotion-decision-anxiety-care,source-json,Pass,90,results=16; avgSummary=277; thinRows=0,
data/quiz-wave4-200.json,daily-laundry-sort-wave4,source-json,Pass,90,results=16; avgSummary=169; thinRows=0,
data/quiz-wave4-200.json,daily-fridge-reset-wave4,source-json,Pass,90,results=16; avgSummary=168; thinRows=0,
data/quiz-wave4-200.json,daily-umbrella-check-wave4,source-json,Pass,90,results=16; avgSummary=168; thinRows=0,
data/quiz-wave4-200.json,daily-shoe-shelf-wave4,source-json,Pass,90,results=16; avgSummary=169; thinRows=0,
data/quiz-wave4-200.json,daily-bag-lightening-wave4,source-json,Pass,90,results=16; avgSummary=168; thinRows=0,
data/quiz-wave4-200.json,daily-receipt-box-wave4,source-json,Pass,90,results=16; avgSummary=169; thinRows=0,
data/quiz-wave4-200.json,daily-sink-cleanup-wave4,source-json,Pass,90,results=16; avgSummary=168; thinRows=0,
data/quiz-wave4-200.json,daily-home-lighting-wave4,source-json,Pass,90,results=16; avgSummary=171; thinRows=0,
data/quiz-wave4-200.json,daily-delivery-unpack-wave4,source-json,Pass,90,results=16; avgSummary=168; thinRows=0,
data/quiz-wave4-200.json,daily-calendar-review-wave4,source-json,Pass,90,results=16; avgSummary=167; thinRows=0,
data/quiz-wave4-200.json,daily-snack-drawer-wave4,source-json,Pass,90,results=16; avgSummary=173; thinRows=0,
data/quiz-wave4-200.json,daily-sleepwear-choice-wave4,source-json,Pass,90,results=16; avgSummary=166; thinRows=0,
data/quiz-wave4-200.json,daily-door-lock-check-wave4,source-json,Pass,90,results=16; avgSummary=169; thinRows=0,
data/quiz-wave4-200.json,daily-house-chore-order-wave4,source-json,Pass,90,results=16; avgSummary=168; thinRows=0,
data/quiz-wave4-200.json,daily-morning-water-wave4,source-json,Pass,90,results=16; avgSummary=173; thinRows=0,
data/quiz-wave4-200.json,daily-night-charging-wave4,source-json,Pass,90,results=16; avgSummary=170; thinRows=0,
data/quiz-wave4-200.json,daily-table-reset-wave4,source-json,Pass,90,results=16; avgSummary=167; thinRows=0,
data/quiz-wave4-200.json,daily-closet-hanger-wave4,source-json,Pass,90,results=16; avgSummary=168; thinRows=0,
data/quiz-wave4-200.json,digital-notification-badge-wave4,source-json,Pass,90,results=16; avgSummary=172; thinRows=0,
data/quiz-wave4-200.json,digital-photo-duplicate-wave4,source-json,Pass,90,results=16; avgSummary=171; thinRows=0,
data/quiz-wave4-200.json,digital-app-folder-wave4,source-json,Pass,90,results=16; avgSummary=170; thinRows=0,
data/quiz-wave4-200.json,digital-cloud-backup-wave4,source-json,Pass,90,results=16; avgSummary=169; thinRows=0,
data/quiz-wave4-200.json,digital-search-bookmark-wave4,source-json,Pass,90,results=16; avgSummary=168; thinRows=0,
data/quiz-wave4-200.json,digital-chat-archive-wave4,source-json,Pass,90,results=16; avgSummary=167; thinRows=0,
data/quiz-wave4-200.json,digital-email-inbox-wave4,source-json,Pass,90,results=16; avgSummary=170; thinRows=0,
data/quiz-wave4-200.json,digital-screen-time-wave4,source-json,Pass,90,results=16; avgSummary=171; thinRows=0,
data/quiz-wave4-200.json,digital-password-manager-wave4,source-json,Pass,90,results=16; avgSummary=170; thinRows=0,
data/quiz-wave4-200.json,digital-digital-calendar-wave4,source-json,Pass,90,results=16; avgSummary=169; thinRows=0,
data/quiz-wave4-200.json,digital-memo-tag-wave4,source-json,Pass,90,results=16; avgSummary=166; thinRows=0,
data/quiz-wave4-200.json,digital-file-name-wave4,source-json,Pass,90,results=16; avgSummary=171; thinRows=0,
data/quiz-wave4-200.json,digital-browser-extension-wave4,source-json,Pass,90,results=16; avgSummary=176; thinRows=0,
data/quiz-wave4-200.json,digital-online-review-wave4,source-json,Pass,90,results=16; avgSummary=173; thinRows=0,
data/quiz-wave4-200.json,digital-shopping-cart-wave4,source-json,Pass,90,results=16; avgSummary=170; thinRows=0,
data/quiz-wave4-200.json,digital-profile-picture-wave4,source-json,Pass,90,results=16; avgSummary=173; thinRows=0,
data/quiz-wave4-200.json,digital-video-queue-wave4,source-json,Pass,90,results=16; avgSummary=174; thinRows=0,
data/quiz-wave4-200.json,digital-device-update-wave4,source-json,Pass,90,results=16; avgSummary=169; thinRows=0,
data/quiz-wave4-200.json,digital-ai-question-wave4,source-json,Pass,90,results=16; avgSummary=172; thinRows=0,
data/quiz-wave4-200.json,digital-map-save-wave4,source-json,Pass,90,results=16; avgSummary=171; thinRows=0,
data/quiz-wave4-200.json,relation-reply-delay-wave4,source-json,Pass,90,results=16; avgSummary=174; thinRows=0,
data/quiz-wave4-200.json,relation-group-chat-tone-wave4,source-json,Pass,90,results=16; avgSummary=169; thinRows=0,
data/quiz-wave4-200.json,relation-birthday-call-wave4,source-json,Pass,90,results=16; avgSummary=174; thinRows=0,
data/quiz-wave4-200.json,relation-small-favor-wave4,source-json,Pass,90,results=16; avgSummary=173; thinRows=0,
data/quiz-wave4-200.json,relation-compliment-accept-wave4,source-json,Pass,90,results=16; avgSummary=174; thinRows=0,
data/quiz-wave4-200.json,relation-awkward-talk-wave4,source-json,Pass,90,results=16; avgSummary=175; thinRows=0,
data/quiz-wave4-200.json,relation-promise-change-wave4,source-json,Pass,90,results=16; avgSummary=174; thinRows=0,
data/quiz-wave4-200.json,relation-gift-reaction-wave4,source-json,Pass,90,results=16; avgSummary=167; thinRows=0,
data/quiz-wave4-200.json,relation-friend-boundary-wave4,source-json,Pass,90,results=16; avgSummary=176; thinRows=0,
data/quiz-wave4-200.json,relation-comfort-style-wave4,source-json,Pass,90,results=16; avgSummary=167; thinRows=0,
data/quiz-wave4-200.json,relation-first-meeting-wave4,source-json,Pass,90,results=16; avgSummary=172; thinRows=0,
data/quiz-wave4-200.json,relation-photo-share-wave4,source-json,Pass,90,results=16; avgSummary=173; thinRows=0,
data/quiz-wave4-200.json,relation-thanks-depth-wave4,source-json,Pass,90,results=16; avgSummary=174; thinRows=0,
data/quiz-wave4-200.json,relation-conflict-cooldown-wave4,source-json,Pass,90,results=16; avgSummary=171; thinRows=0,
data/quiz-wave4-200.json,relation-invitation-reply-wave4,source-json,Pass,90,results=16; avgSummary=168; thinRows=0,
data/quiz-wave4-200.json,relation-team-meal-wave4,source-json,Pass,90,results=16; avgSummary=172; thinRows=0,
data/quiz-wave4-200.json,relation-neighbor-hello-wave4,source-json,Pass,90,results=16; avgSummary=167; thinRows=0,
data/quiz-wave4-200.json,relation-old-friend-wave4,source-json,Pass,90,results=16; avgSummary=174; thinRows=0,
data/quiz-wave4-200.json,work-meeting-note-wave4,source-json,Pass,90,results=16; avgSummary=163; thinRows=0,
data/quiz-wave4-200.json,work-deadline-buffer-wave4,source-json,Pass,90,results=16; avgSummary=162; thinRows=0,
data/quiz-wave4-200.json,work-task-priority-wave4,source-json,Pass,90,results=16; avgSummary=167; thinRows=0,
data/quiz-wave4-200.json,work-feedback-read-wave4,source-json,Pass,90,results=16; avgSummary=164; thinRows=0,
data/quiz-wave4-200.json,work-remote-routine-wave4,source-json,Pass,90,results=16; avgSummary=167; thinRows=0,
data/quiz-wave4-200.json,work-desk-focus-wave4,source-json,Pass,90,results=16; avgSummary=162; thinRows=0,
data/quiz-wave4-200.json,work-handoff-message-wave4,source-json,Pass,90,results=16; avgSummary=167; thinRows=0,
data/quiz-wave4-200.json,work-lunch-break-wave4,source-json,Pass,90,results=16; avgSummary=166; thinRows=0,
data/quiz-wave4-200.json,work-urgent-request-wave4,source-json,Pass,90,results=16; avgSummary=169; thinRows=0,
data/quiz-wave4-200.json,work-weekly-report-wave4,source-json,Pass,90,results=16; avgSummary=162; thinRows=0,
data/quiz-wave4-200.json,work-calendar-block-wave4,source-json,Pass,90,results=16; avgSummary=163; thinRows=0,
data/quiz-wave4-200.json,work-meeting-question-wave4,source-json,Pass,90,results=16; avgSummary=162; thinRows=0,
data/quiz-wave4-200.json,work-project-start-wave4,source-json,Pass,90,results=16; avgSummary=167; thinRows=0,
data/quiz-wave4-200.json,work-mistake-recovery-wave4,source-json,Pass,90,results=16; avgSummary=168; thinRows=0,
data/quiz-wave4-200.json,work-colleague-help-wave4,source-json,Pass,90,results=16; avgSummary=169; thinRows=0,
data/quiz-wave4-200.json,work-idea-share-wave4,source-json,Pass,90,results=16; avgSummary=166; thinRows=0,
data/quiz-wave4-200.json,work-task-close-wave4,source-json,Pass,90,results=16; avgSummary=165; thinRows=0,
data/quiz-wave4-200.json,work-document-version-wave4,source-json,Pass,90,results=16; avgSummary=168; thinRows=0,
data/quiz-wave4-200.json,work-work-message-wave4,source-json,Pass,90,results=16; avgSummary=169; thinRows=0,
data/quiz-wave4-200.json,work-after-work-switch-wave4,source-json,Pass,90,results=16; avgSummary=168; thinRows=0,
data/quiz-wave4-200.json,spend-wish-list-wave4,source-json,Pass,90,results=16; avgSummary=168; thinRows=0,
data/quiz-wave4-200.json,spend-limited-stock-wave4,source-json,Pass,90,results=16; avgSummary=169; thinRows=0,
data/quiz-wave4-200.json,spend-subscription-check-wave4,source-json,Pass,90,results=16; avgSummary=163; thinRows=0,
data/quiz-wave4-200.json,spend-refund-decision-wave4,source-json,Pass,90,results=16; avgSummary=162; thinRows=0,
data/quiz-wave4-200.json,spend-brand-switch-wave4,source-json,Pass,90,results=16; avgSummary=169; thinRows=0,
data/quiz-wave4-200.json,spend-bulk-buy-wave4,source-json,Pass,90,results=16; avgSummary=168; thinRows=0,
data/quiz-wave4-200.json,spend-gift-budget-wave4,source-json,Pass,90,results=16; avgSummary=162; thinRows=0,
data/quiz-wave4-200.json,spend-sample-first-wave4,source-json,Pass,90,results=16; avgSummary=170; thinRows=0,
data/quiz-wave4-200.json,spend-secondhand-chat-wave4,source-json,Pass,90,results=16; avgSummary=167; thinRows=0,
data/quiz-wave4-200.json,spend-cart-abandon-wave4,source-json,Pass,90,results=16; avgSummary=169; thinRows=0,
data/quiz-wave4-200.json,spend-premium-choice-wave4,source-json,Pass,90,results=16; avgSummary=172; thinRows=0,
data/quiz-wave4-200.json,spend-receipt-review-wave4,source-json,Pass,90,results=16; avgSummary=169; thinRows=0,
data/quiz-wave4-200.json,spend-pay-method-wave4,source-json,Pass,90,results=16; avgSummary=166; thinRows=0,
data/quiz-wave4-200.json,spend-sale-scroll-wave4,source-json,Pass,90,results=16; avgSummary=171; thinRows=0,
data/quiz-wave4-200.json,spend-buy-or-wait-wave4,source-json,Pass,90,results=16; avgSummary=172; thinRows=0,
data/quiz-wave4-200.json,leisure-weekend-plan-wave4,source-json,Pass,90,results=16; avgSummary=167; thinRows=0,
data/quiz-wave4-200.json,leisure-playlist-mood-wave4,source-json,Pass,90,results=16; avgSummary=176; thinRows=0,
data/quiz-wave4-200.json,leisure-movie-pick-wave4,source-json,Pass,90,results=16; avgSummary=169; thinRows=0,
data/quiz-wave4-200.json,leisure-book-stack-wave4,source-json,Pass,90,results=16; avgSummary=170; thinRows=0,
data/quiz-wave4-200.json,leisure-home-cafe-wave4,source-json,Pass,90,results=16; avgSummary=169; thinRows=0,
data/quiz-wave4-200.json,leisure-walking-route-wave4,source-json,Pass,90,results=16; avgSummary=166; thinRows=0,
data/quiz-wave4-200.json,leisure-photo-walk-wave4,source-json,Pass,90,results=16; avgSummary=167; thinRows=0,
data/quiz-wave4-200.json,leisure-game-mode-wave4,source-json,Pass,90,results=16; avgSummary=172; thinRows=0,
data/quiz-wave4-200.json,leisure-craft-start-wave4,source-json,Pass,90,results=16; avgSummary=169; thinRows=0,
data/quiz-wave4-200.json,leisure-museum-pace-wave4,source-json,Pass,90,results=16; avgSummary=172; thinRows=0,
data/quiz-wave4-200.json,leisure-concert-prep-wave4,source-json,Pass,90,results=16; avgSummary=167; thinRows=0,
data/quiz-wave4-200.json,leisure-hobby-budget-wave4,source-json,Pass,90,results=16; avgSummary=166; thinRows=0,
data/quiz-wave4-200.json,leisure-diary-deco-wave4,source-json,Pass,90,results=16; avgSummary=173; thinRows=0,
data/quiz-wave4-200.json,leisure-solo-time-wave4,source-json,Pass,90,results=16; avgSummary=172; thinRows=0,
data/quiz-wave4-200.json,leisure-club-fit-wave4,source-json,Pass,90,results=16; avgSummary=169; thinRows=0,
data/quiz-wave4-200.json,leisure-creative-block-wave4,source-json,Pass,90,results=16; avgSummary=172; thinRows=0,
data/quiz-wave4-200.json,leisure-travel-video-wave4,source-json,Pass,90,results=16; avgSummary=173; thinRows=0,
data/quiz-wave4-200.json,leisure-recipe-try-wave4,source-json,Pass,90,results=16; avgSummary=172; thinRows=0,
data/quiz-wave4-200.json,leisure-puzzle-style-wave4,source-json,Pass,90,results=16; avgSummary=173; thinRows=0,
data/quiz-wave4-200.json,leisure-learning-kit-wave4,source-json,Pass,90,results=16; avgSummary=172; thinRows=0,
data/quiz-wave4-200.json,emotion-stress-signal-wave4,source-json,Pass,90,results=16; avgSummary=179; thinRows=0,
data/quiz-wave4-200.json,emotion-mood-note-wave4,source-json,Pass,90,results=16; avgSummary=174; thinRows=0,
data/quiz-wave4-200.json,emotion-apology-ready-wave4,source-json,Pass,90,results=16; avgSummary=175; thinRows=0,
data/quiz-wave4-200.json,emotion-thanks-accept-wave4,source-json,Pass,90,results=16; avgSummary=182; thinRows=0,
data/quiz-wave4-200.json,emotion-decision-worry-wave4,source-json,Pass,90,results=16; avgSummary=175; thinRows=0,
data/quiz-wave4-200.json,emotion-alone-reset-wave4,source-json,Pass,90,results=16; avgSummary=174; thinRows=0,
data/quiz-wave4-200.json,emotion-criticism-response-wave4,source-json,Pass,90,results=16; avgSummary=175; thinRows=0,
data/quiz-wave4-200.json,emotion-compliment-memory-wave4,source-json,Pass,90,results=16; avgSummary=174; thinRows=0,
data/quiz-wave4-200.json,emotion-energy-low-wave4,source-json,Pass,90,results=16; avgSummary=181; thinRows=0,
data/quiz-wave4-200.json,emotion-worry-share-wave4,source-json,Pass,90,results=16; avgSummary=174; thinRows=0,
data/quiz-wave4-200.json,emotion-self-talk-wave4,source-json,Pass,90,results=16; avgSummary=175; thinRows=0,
data/quiz-wave4-200.json,emotion-regret-handle-wave4,source-json,Pass,90,results=16; avgSummary=176; thinRows=0,
data/quiz-wave4-200.json,emotion-new-environment-wave4,source-json,Pass,90,results=16; avgSummary=179; thinRows=0,
data/quiz-wave4-200.json,emotion-sad-day-wave4,source-json,Pass,90,results=16; avgSummary=180; thinRows=0,
data/quiz-wave4-200.json,emotion-anger-cool-wave4,source-json,Pass,90,results=16; avgSummary=175; thinRows=0,
data/quiz-wave4-200.json,emotion-comfort-object-wave4,source-json,Pass,90,results=16; avgSummary=174; thinRows=0,
data/quiz-wave4-200.json,emotion-heart-boundary-wave4,source-json,Pass,90,results=16; avgSummary=175; thinRows=0,
data/quiz-wave4-200.json,emotion-sleep-thought-wave4,source-json,Pass,90,results=16; avgSummary=180; thinRows=0,
data/quiz-wave4-200.json,emotion-memory-box-wave4,source-json,Pass,90,results=16; avgSummary=175; thinRows=0,
data/quiz-wave4-200.json,travel-packing-order-wave4,source-json,Pass,90,results=16; avgSummary=167; thinRows=0,
data/quiz-wave4-200.json,travel-hotel-check-wave4,source-json,Pass,90,results=16; avgSummary=162; thinRows=0,
data/quiz-wave4-200.json,travel-airport-time-wave4,source-json,Pass,90,results=16; avgSummary=169; thinRows=0,
data/quiz-wave4-200.json,travel-local-food-wave4,source-json,Pass,90,results=16; avgSummary=168; thinRows=0,
data/quiz-wave4-200.json,travel-map-route-wave4,source-json,Pass,90,results=16; avgSummary=163; thinRows=0,
data/quiz-wave4-200.json,travel-travel-budget-wave4,source-json,Pass,90,results=16; avgSummary=162; thinRows=0,
data/quiz-wave4-200.json,travel-souvenir-pick-wave4,source-json,Pass,90,results=16; avgSummary=167; thinRows=0,
data/quiz-wave4-200.json,travel-rain-plan-wave4,source-json,Pass,90,results=16; avgSummary=166; thinRows=0,
data/quiz-wave4-200.json,travel-photo-spot-wave4,source-json,Pass,90,results=16; avgSummary=169; thinRows=0,
data/quiz-wave4-200.json,travel-itinerary-gap-wave4,source-json,Pass,90,results=16; avgSummary=162; thinRows=0,
data/quiz-wave4-200.json,travel-transport-pass-wave4,source-json,Pass,90,results=16; avgSummary=167; thinRows=0,
data/quiz-wave4-200.json,travel-morning-tour-wave4,source-json,Pass,90,results=16; avgSummary=162; thinRows=0,
data/quiz-wave4-200.json,travel-night-market-wave4,source-json,Pass,90,results=16; avgSummary=165; thinRows=0,
data/quiz-wave4-200.json,travel-museum-or-cafe-wave4,source-json,Pass,90,results=16; avgSummary=172; thinRows=0,
data/quiz-wave4-200.json,travel-travel-companion-wave4,source-json,Pass,90,results=16; avgSummary=163; thinRows=0,
data/quiz-wave4-200.json,travel-lost-route-wave4,source-json,Pass,90,results=16; avgSummary=166; thinRows=0,
data/quiz-wave4-200.json,travel-travel-record-wave4,source-json,Pass,90,results=16; avgSummary=163; thinRows=0,
data/quiz-wave4-200.json,travel-checklist-use-wave4,source-json,Pass,90,results=16; avgSummary=168; thinRows=0,
data/quiz-wave4-200.json,travel-return-unpack-wave4,source-json,Pass,90,results=16; avgSummary=167; thinRows=0,
data/quiz-wave4-200.json,travel-next-trip-wave4,source-json,Pass,90,results=16; avgSummary=168; thinRows=0,
data/quiz-wave4-200.json,wellness-stretch-time-wave4,source-json,Pass,90,results=16; avgSummary=169; thinRows=0,
data/quiz-wave4-200.json,wellness-water-reminder-wave4,source-json,Pass,90,results=16; avgSummary=170; thinRows=0,
data/quiz-wave4-200.json,wellness-walk-choice-wave4,source-json,Pass,90,results=16; avgSummary=165; thinRows=0,
data/quiz-wave4-200.json,wellness-meal-balance-wave4,source-json,Pass,90,results=16; avgSummary=164; thinRows=0,
data/quiz-wave4-200.json,wellness-sleep-alarm-wave4,source-json,Pass,90,results=16; avgSummary=165; thinRows=0,
data/quiz-wave4-200.json,wellness-exercise-start-wave4,source-json,Pass,90,results=16; avgSummary=164; thinRows=0,
data/quiz-wave4-200.json,wellness-posture-check-wave4,source-json,Pass,90,results=16; avgSummary=165; thinRows=0,
data/quiz-wave4-200.json,wellness-eye-rest-wave4,source-json,Pass,90,results=16; avgSummary=162; thinRows=0,
data/quiz-wave4-200.json,wellness-snack-choice-wave4,source-json,Pass,90,results=16; avgSummary=165; thinRows=0,
data/quiz-wave4-200.json,wellness-condition-log-wave4,source-json,Pass,90,results=16; avgSummary=166; thinRows=0,
data/quiz-wave4-200.json,wellness-rest-sign-wave4,source-json,Pass,90,results=16; avgSummary=171; thinRows=0,
data/quiz-wave4-200.json,wellness-home-workout-wave4,source-json,Pass,90,results=16; avgSummary=164; thinRows=0,
data/quiz-wave4-200.json,wellness-outdoor-air-wave4,source-json,Pass,90,results=16; avgSummary=171; thinRows=0,
data/quiz-wave4-200.json,wellness-health-info-wave4,source-json,Pass,90,results=16; avgSummary=170; thinRows=0,
data/quiz-wave4-200.json,wellness-routine-break-wave4,source-json,Pass,90,results=16; avgSummary=169; thinRows=0,
data/quiz-wave4-200.json,wellness-body-signal-wave4,source-json,Pass,90,results=16; avgSummary=170; thinRows=0,
data/quiz-wave4-200.json,wellness-warmup-style-wave4,source-json,Pass,90,results=16; avgSummary=169; thinRows=0,
data/quiz-wave4-200.json,wellness-recovery-day-wave4,source-json,Pass,90,results=16; avgSummary=168; thinRows=0,
data/quiz-wave4-200.json,wellness-cafeteria-pick-wave4,source-json,Pass,90,results=16; avgSummary=169; thinRows=0,
data/quiz-wave4-200.json,wellness-late-night-snack-wave4,source-json,Pass,90,results=16; avgSummary=164; thinRows=0,
data/quiz-wave4-200.json,learn-study-start-wave4,source-json,Pass,90,results=16; avgSummary=163; thinRows=0,
data/quiz-wave4-200.json,learn-note-style-wave4,source-json,Pass,90,results=16; avgSummary=162; thinRows=0,
data/quiz-wave4-200.json,learn-lecture-speed-wave4,source-json,Pass,90,results=16; avgSummary=163; thinRows=0,
data/quiz-wave4-200.json,learn-review-cycle-wave4,source-json,Pass,90,results=16; avgSummary=162; thinRows=0,
data/quiz-wave4-200.json,learn-exam-plan-wave4,source-json,Pass,90,results=16; avgSummary=163; thinRows=0,
data/quiz-wave4-200.json,learn-question-mark-wave4,source-json,Pass,90,results=16; avgSummary=162; thinRows=0,
data/quiz-wave4-200.json,learn-study-place-wave4,source-json,Pass,90,results=16; avgSummary=163; thinRows=0,
data/quiz-wave4-200.json,learn-flashcard-use-wave4,source-json,Pass,90,results=16; avgSummary=166; thinRows=0,
data/quiz-wave4-200.json,learn-deadline-study-wave4,source-json,Pass,90,results=16; avgSummary=163; thinRows=0,
data/quiz-wave4-200.json,learn-group-study-wave4,source-json,Pass,90,results=16; avgSummary=164; thinRows=0,
data/quiz-wave4-200.json,learn-concept-map-wave4,source-json,Pass,90,results=16; avgSummary=162; thinRows=0,
data/quiz-wave4-200.json,learn-break-timer-wave4,source-json,Pass,90,results=16; avgSummary=165; thinRows=0,
data/quiz-wave4-200.json,learn-reading-highlight-wave4,source-json,Pass,90,results=16; avgSummary=164; thinRows=0,
data/quiz-wave4-200.json,learn-skill-practice-wave4,source-json,Pass,90,results=16; avgSummary=163; thinRows=0,
data/quiz-wave4-200.json,learn-online-course-wave4,source-json,Pass,90,results=16; avgSummary=164; thinRows=0,
data/quiz-wave4-200.json,learn-learning-goal-wave4,source-json,Pass,90,results=16; avgSummary=163; thinRows=0,
data/quiz-wave4-200.json,learn-teacher-feedback-wave4,source-json,Pass,90,results=16; avgSummary=164; thinRows=0,
data/quiz-wave4-200.json,learn-resource-save-wave4,source-json,Pass,90,results=16; avgSummary=163; thinRows=0,
data/quiz-wave4-200.json,learn-study-finish-wave4,source-json,Pass,90,results=16; avgSummary=164; thinRows=0,
data/quiz-wave4-200.json,season-spring-cleaning-wave4,source-json,Pass,90,results=16; avgSummary=166; thinRows=0,
data/quiz-wave4-200.json,season-summer-heat-wave4,source-json,Pass,90,results=16; avgSummary=169; thinRows=0,
data/quiz-wave4-200.json,season-autumn-walk-wave4,source-json,Pass,90,results=16; avgSummary=164; thinRows=0,
data/quiz-wave4-200.json,season-winter-layering-wave4,source-json,Pass,90,results=16; avgSummary=171; thinRows=0,
data/quiz-wave4-200.json,season-rainy-day-wave4,source-json,Pass,90,results=16; avgSummary=174; thinRows=0,
data/quiz-wave4-200.json,season-snow-plan-wave4,source-json,Pass,90,results=16; avgSummary=171; thinRows=0,
data/quiz-wave4-200.json,season-flower-view-wave4,source-json,Pass,90,results=16; avgSummary=165; thinRows=0,
data/quiz-wave4-200.json,season-holiday-reset-wave4,source-json,Pass,90,results=16; avgSummary=164; thinRows=0,
data/quiz-wave4-200.json,season-season-menu-wave4,source-json,Pass,90,results=16; avgSummary=169; thinRows=0,
data/quiz-wave4-200.json,season-sunny-picnic-wave4,source-json,Pass,90,results=16; avgSummary=170; thinRows=0,
data/quiz-wave4-200.json,season-cold-morning-wave4,source-json,Pass,90,results=16; avgSummary=169; thinRows=0,
data/quiz-wave5-300.json,life-furniture-layout-wave5,source-json,Pass,90,results=16; avgSummary=165; thinRows=0,
data/quiz-wave5-300.json,life-laundry-drying-wave5,source-json,Pass,90,results=16; avgSummary=164; thinRows=0,
data/quiz-wave5-300.json,life-vacuum-route-wave5,source-json,Pass,90,results=16; avgSummary=167; thinRows=0,
data/quiz-wave5-300.json,life-recycle-sort-wave5,source-json,Pass,90,results=16; avgSummary=162; thinRows=0,
data/quiz-wave5-300.json,life-candle-light-wave5,source-json,Pass,90,results=16; avgSummary=165; thinRows=0,
data/quiz-wave5-300.json,life-slipper-pair-wave5,source-json,Pass,90,results=16; avgSummary=166; thinRows=0,
data/quiz-wave5-300.json,life-laundromat-visit-wave5,source-json,Pass,90,results=16; avgSummary=167; thinRows=0,
data/quiz-wave5-300.json,life-water-filter-wave5,source-json,Pass,90,results=16; avgSummary=166; thinRows=0,
data/quiz-wave5-300.json,life-spice-shelf-wave5,source-json,Pass,90,results=16; avgSummary=165; thinRows=0,
data/quiz-wave5-300.json,life-container-choice-wave5,source-json,Pass,90,results=16; avgSummary=168; thinRows=0,
data/quiz-wave5-300.json,life-foodscrap-bin-wave5,source-json,Pass,90,results=16; avgSummary=169; thinRows=0,
data/quiz-wave5-300.json,life-mail-sort-wave5,source-json,Pass,90,results=16; avgSummary=166; thinRows=0,
data/quiz-wave5-300.json,life-paperbag-keep-wave5,source-json,Pass,90,results=16; avgSummary=169; thinRows=0,
data/quiz-wave5-300.json,life-balcony-use-wave5,source-json,Pass,90,results=16; avgSummary=166; thinRows=0,
data/quiz-wave5-300.json,life-cup-wash-wave5,source-json,Pass,90,results=16; avgSummary=171; thinRows=0,
data/quiz-wave5-300.json,life-socks-fold-wave5,source-json,Pass,90,results=16; avgSummary=164; thinRows=0,
data/quiz-wave5-300.json,life-frame-spot-wave5,source-json,Pass,90,results=16; avgSummary=165; thinRows=0,
data/quiz-wave5-300.json,life-rug-care-wave5,source-json,Pass,90,results=16; avgSummary=164; thinRows=0,
data/quiz-wave5-300.json,life-bin-position-wave5,source-json,Pass,90,results=16; avgSummary=167; thinRows=0,
data/quiz-wave5-300.json,life-dryrack-use-wave5,source-json,Pass,90,results=16; avgSummary=166; thinRows=0,
data/quiz-wave5-300.json,life-curtain-open-wave5,source-json,Pass,90,results=16; avgSummary=167; thinRows=0,
data/quiz-wave5-300.json,life-appliance-spot-wave5,source-json,Pass,90,results=16; avgSummary=164; thinRows=0,
data/quiz-wave5-300.json,life-mug-pick-wave5,source-json,Pass,90,results=16; avgSummary=167; thinRows=0,
data/quiz-wave5-300.json,life-humidifier-care-wave5,source-json,Pass,90,results=16; avgSummary=166; thinRows=0,
data/quiz-wave5-300.json,life-diffuser-spot-wave5,source-json,Pass,90,results=16; avgSummary=167; thinRows=0,
data/quiz-wave5-300.json,tech-note-app-wave5,source-json,Pass,90,results=16; avgSummary=175; thinRows=0,
data/quiz-wave5-300.json,tech-shortcut-key-wave5,source-json,Pass,90,results=16; avgSummary=173; thinRows=0,
data/quiz-wave5-300.json,tech-bg-app-wave5,source-json,Pass,90,results=16; avgSummary=175; thinRows=0,
data/quiz-wave5-300.json,tech-watch-notify-wave5,source-json,Pass,90,results=16; avgSummary=177; thinRows=0,
data/quiz-wave5-300.json,tech-ai-assistant-wave5,source-json,Pass,90,results=16; avgSummary=183; thinRows=0,
data/quiz-wave5-300.json,tech-family-calendar-wave5,source-json,Pass,90,results=16; avgSummary=173; thinRows=0,
data/quiz-wave5-300.json,tech-widget-layout-wave5,source-json,Pass,90,results=16; avgSummary=171; thinRows=0,
data/quiz-wave5-300.json,tech-location-share-wave5,source-json,Pass,90,results=16; avgSummary=171; thinRows=0,
data/quiz-wave5-300.json,tech-multi-device-wave5,source-json,Pass,90,results=16; avgSummary=181; thinRows=0,
data/quiz-wave5-300.json,tech-digital-minimal-wave5,source-json,Pass,90,results=16; avgSummary=175; thinRows=0,
data/quiz-wave5-300.json,tech-video-call-wave5,source-json,Pass,90,results=16; avgSummary=175; thinRows=0,
data/quiz-wave5-300.json,tech-ott-watch-wave5,source-json,Pass,90,results=16; avgSummary=179; thinRows=0,
data/quiz-wave5-300.json,tech-folder-color-wave5,source-json,Pass,90,results=16; avgSummary=175; thinRows=0,
data/quiz-wave5-300.json,tech-emoji-use-wave5,source-json,Pass,90,results=16; avgSummary=173; thinRows=0,
data/quiz-wave5-300.json,tech-wifi-manage-wave5,source-json,Pass,90,results=16; avgSummary=175; thinRows=0,
data/quiz-wave5-300.json,tech-qr-pay-wave5,source-json,Pass,90,results=16; avgSummary=177; thinRows=0,
data/quiz-wave5-300.json,tech-music-mode-wave5,source-json,Pass,90,results=16; avgSummary=177; thinRows=0,
data/quiz-wave5-300.json,tech-card-register-wave5,source-json,Pass,90,results=16; avgSummary=179; thinRows=0,
data/quiz-wave5-300.json,tech-digital-id-wave5,source-json,Pass,90,results=16; avgSummary=175; thinRows=0,
data/quiz-wave5-300.json,tech-email-reply-wave5,source-json,Pass,90,results=16; avgSummary=177; thinRows=0,
data/quiz-wave5-300.json,tech-voice-memo-wave5,source-json,Pass,90,results=16; avgSummary=175; thinRows=0,
data/quiz-wave5-300.json,tech-autocomplete-wave5,source-json,Pass,90,results=16; avgSummary=175; thinRows=0,
data/quiz-wave5-300.json,tech-clipboard-use-wave5,source-json,Pass,90,results=16; avgSummary=175; thinRows=0,
data/quiz-wave5-300.json,tech-night-mode-wave5,source-json,Pass,90,results=16; avgSummary=177; thinRows=0,
data/quiz-wave5-300.json,tech-security-alert-wave5,source-json,Pass,90,results=16; avgSummary=177; thinRows=0,
data/quiz-wave5-300.json,bond-shared-meal-wave5,source-json,Pass,90,results=16; avgSummary=171; thinRows=0,
data/quiz-wave5-300.json,bond-new-family-wave5,source-json,Pass,90,results=16; avgSummary=176; thinRows=0,
data/quiz-wave5-300.json,bond-club-greet-wave5,source-json,Pass,90,results=16; avgSummary=177; thinRows=0,
data/quiz-wave5-300.json,bond-friend-distance-wave5,source-json,Pass,90,results=16; avgSummary=178; thinRows=0,
data/quiz-wave5-300.json,bond-wellbeing-card-wave5,source-json,Pass,90,results=16; avgSummary=171; thinRows=0,
data/quiz-wave5-300.json,bond-holiday-message-wave5,source-json,Pass,90,results=16; avgSummary=174; thinRows=0,
data/quiz-wave5-300.json,bond-friend-wedding-wave5,source-json,Pass,90,results=16; avgSummary=173; thinRows=0,
data/quiz-wave5-300.json,bond-relative-meet-wave5,source-json,Pass,90,results=16; avgSummary=172; thinRows=0,
data/quiz-wave5-300.json,bond-partner-promise-wave5,source-json,Pass,90,results=16; avgSummary=171; thinRows=0,
data/quiz-wave5-300.json,bond-friend-quarrel-wave5,source-json,Pass,90,results=16; avgSummary=172; thinRows=0,
data/quiz-wave5-300.json,bond-new-colleague-wave5,source-json,Pass,90,results=16; avgSummary=171; thinRows=0,
data/quiz-wave5-300.json,bond-inlaw-title-wave5,source-json,Pass,90,results=16; avgSummary=172; thinRows=0,
data/quiz-wave5-300.json,bond-cousin-call-wave5,source-json,Pass,90,results=16; avgSummary=171; thinRows=0,
data/quiz-wave5-300.json,bond-old-classmate-wave5,source-json,Pass,90,results=16; avgSummary=170; thinRows=0,
data/quiz-wave5-300.json,bond-parent-meet-wave5,source-json,Pass,90,results=16; avgSummary=173; thinRows=0,
data/quiz-wave5-300.json,bond-junior-care-wave5,source-json,Pass,90,results=16; avgSummary=172; thinRows=0,
data/quiz-wave5-300.json,bond-senior-care-wave5,source-json,Pass,90,results=16; avgSummary=171; thinRows=0,
data/quiz-wave5-300.json,bond-parent-check-wave5,source-json,Pass,90,results=16; avgSummary=172; thinRows=0,
data/quiz-wave5-300.json,bond-sibling-tone-wave5,source-json,Pass,90,results=16; avgSummary=171; thinRows=0,
data/quiz-wave5-300.json,bond-friend-parent-wave5,source-json,Pass,90,results=16; avgSummary=174; thinRows=0,
data/quiz-wave5-300.json,bond-greet-length-wave5,source-json,Pass,90,results=16; avgSummary=171; thinRows=0,
data/quiz-wave5-300.json,bond-soft-refusal-wave5,source-json,Pass,90,results=16; avgSummary=172; thinRows=0,
data/quiz-wave5-300.json,bond-kind-thanks-wave5,source-json,Pass,90,results=16; avgSummary=171; thinRows=0,
data/quiz-wave5-300.json,bond-secret-share-wave5,source-json,Pass,90,results=16; avgSummary=172; thinRows=0,
data/quiz-wave5-300.json,bond-reconcile-step-wave5,source-json,Pass,90,results=16; avgSummary=171; thinRows=0,
data/quiz-wave5-300.json,career-commute-route-wave5,source-json,Pass,90,results=16; avgSummary=168; thinRows=0,
data/quiz-wave5-300.json,career-business-trip-wave5,source-json,Pass,90,results=16; avgSummary=166; thinRows=0,
data/quiz-wave5-300.json,career-desk-tidy-wave5,source-json,Pass,90,results=16; avgSummary=168; thinRows=0,
data/quiz-wave5-300.json,career-lunch-pick-wave5,source-json,Pass,90,results=16; avgSummary=172; thinRows=0,
data/quiz-wave5-300.json,career-after-party-wave5,source-json,Pass,90,results=16; avgSummary=172; thinRows=0,
data/quiz-wave5-300.json,career-leave-apply-wave5,source-json,Pass,90,results=16; avgSummary=166; thinRows=0,
data/quiz-wave5-300.json,career-approval-hold-wave5,source-json,Pass,90,results=16; avgSummary=166; thinRows=0,
data/quiz-wave5-300.json,career-hr-review-wave5,source-json,Pass,90,results=16; avgSummary=172; thinRows=0,
data/quiz-wave5-300.json,career-new-mentor-wave5,source-json,Pass,90,results=16; avgSummary=168; thinRows=0,
data/quiz-wave5-300.json,career-progress-share-wave5,source-json,Pass,90,results=16; avgSummary=166; thinRows=0,
data/quiz-wave5-300.json,career-workshop-join-wave5,source-json,Pass,90,results=16; avgSummary=168; thinRows=0,
data/quiz-wave5-300.json,career-lunch-invite-wave5,source-json,Pass,90,results=16; avgSummary=172; thinRows=0,
data/quiz-wave5-300.json,career-schedule-change-wave5,source-json,Pass,90,results=16; avgSummary=172; thinRows=0,
data/quiz-wave5-300.json,career-next-week-plan-wave5,source-json,Pass,90,results=16; avgSummary=170; thinRows=0,
data/quiz-wave5-300.json,career-overtime-call-wave5,source-json,Pass,90,results=16; avgSummary=166; thinRows=0,
data/quiz-wave5-300.json,career-meeting-seat-wave5,source-json,Pass,90,results=16; avgSummary=166; thinRows=0,
data/quiz-wave5-300.json,career-external-meet-wave5,source-json,Pass,90,results=16; avgSummary=166; thinRows=0,
data/quiz-wave5-300.json,career-off-time-protect-wave5,source-json,Pass,90,results=16; avgSummary=172; thinRows=0,
data/quiz-wave5-300.json,career-rest-timing-wave5,source-json,Pass,90,results=16; avgSummary=166; thinRows=0,
data/quiz-wave5-300.json,career-mail-tone-wave5,source-json,Pass,90,results=16; avgSummary=170; thinRows=0,
data/quiz-wave5-300.json,career-slack-reply-wave5,source-json,Pass,90,results=16; avgSummary=168; thinRows=0,
data/quiz-wave5-300.json,career-title-call-wave5,source-json,Pass,90,results=16; avgSummary=166; thinRows=0,
data/quiz-wave5-300.json,career-board-use-wave5,source-json,Pass,90,results=16; avgSummary=172; thinRows=0,
data/quiz-wave5-300.json,career-company-event-wave5,source-json,Pass,90,results=16; avgSummary=166; thinRows=0,
data/quiz-wave5-300.json,career-first-greet-wave5,source-json,Pass,90,results=16; avgSummary=166; thinRows=0,
data/quiz-wave5-300.json,buy-first-try-wave5,source-json,Pass,90,results=16; avgSummary=172; thinRows=0,
data/quiz-wave5-300.json,buy-subscribe-set-wave5,source-json,Pass,90,results=16; avgSummary=169; thinRows=0,
data/quiz-wave5-300.json,buy-color-pick-wave5,source-json,Pass,90,results=16; avgSummary=168; thinRows=0,
data/quiz-wave5-300.json,buy-size-compare-wave5,source-json,Pass,90,results=16; avgSummary=167; thinRows=0,
data/quiz-wave5-300.json,buy-review-write-wave5,source-json,Pass,90,results=16; avgSummary=166; thinRows=0,
data/quiz-wave5-300.json,buy-label-check-wave5,source-json,Pass,90,results=16; avgSummary=165; thinRows=0,
data/quiz-wave5-300.json,buy-eco-tag-wave5,source-json,Pass,90,results=16; avgSummary=168; thinRows=0,
data/quiz-wave5-300.json,buy-after-ad-wave5,source-json,Pass,90,results=16; avgSummary=169; thinRows=0,
data/quiz-wave5-300.json,buy-installment-wave5,source-json,Pass,90,results=16; avgSummary=168; thinRows=0,
data/quiz-wave5-300.json,buy-new-card-wave5,source-json,Pass,90,results=16; avgSummary=169; thinRows=0,
data/quiz-wave5-300.json,buy-points-use-wave5,source-json,Pass,90,results=16; avgSummary=174; thinRows=0,
data/quiz-wave5-300.json,buy-membership-join-wave5,source-json,Pass,90,results=16; avgSummary=167; thinRows=0,
data/quiz-wave5-300.json,buy-new-launch-wave5,source-json,Pass,90,results=16; avgSummary=166; thinRows=0,
data/quiz-wave5-300.json,buy-luxury-review-wave5,source-json,Pass,90,results=16; avgSummary=165; thinRows=0,
data/quiz-wave5-300.json,buy-store-staff-wave5,source-json,Pass,90,results=16; avgSummary=172; thinRows=0,
data/quiz-wave5-300.json,buy-demo-try-wave5,source-json,Pass,90,results=16; avgSummary=165; thinRows=0,
data/quiz-wave5-300.json,buy-gift-receipt-wave5,source-json,Pass,90,results=16; avgSummary=168; thinRows=0,
data/quiz-wave5-300.json,buy-store-loop-wave5,source-json,Pass,90,results=16; avgSummary=169; thinRows=0,
data/quiz-wave5-300.json,buy-friend-recommend-wave5,source-json,Pass,90,results=16; avgSummary=172; thinRows=0,
data/quiz-wave5-300.json,buy-regular-shop-wave5,source-json,Pass,90,results=16; avgSummary=165; thinRows=0,
data/quiz-wave5-300.json,buy-visit-count-wave5,source-json,Pass,90,results=16; avgSummary=172; thinRows=0,
data/quiz-wave5-300.json,buy-item-dispose-wave5,source-json,Pass,90,results=16; avgSummary=165; thinRows=0,
data/quiz-wave5-300.json,buy-vintage-pick-wave5,source-json,Pass,90,results=16; avgSummary=170; thinRows=0,
data/quiz-wave5-300.json,buy-collection-start-wave5,source-json,Pass,90,results=16; avgSummary=167; thinRows=0,
data/quiz-wave5-300.json,buy-after-impulse-wave5,source-json,Pass,90,results=16; avgSummary=168; thinRows=0,
data/quiz-wave5-300.json,hobby-museum-night-wave5,source-json,Pass,90,results=16; avgSummary=169; thinRows=0,
data/quiz-wave5-300.json,hobby-camping-prep-wave5,source-json,Pass,90,results=16; avgSummary=161; thinRows=0,
data/quiz-wave5-300.json,hobby-hiking-route-wave5,source-json,Pass,90,results=16; avgSummary=161; thinRows=0,
data/quiz-wave5-300.json,hobby-cycle-ride-wave5,source-json,Pass,90,results=16; avgSummary=165; thinRows=0,
data/quiz-wave5-300.json,hobby-class-signup-wave5,source-json,Pass,90,results=16; avgSummary=161; thinRows=0,
data/quiz-wave5-300.json,hobby-writing-start-wave5,source-json,Pass,90,results=16; avgSummary=163; thinRows=0,
data/quiz-wave5-300.json,hobby-drawing-time-wave5,source-json,Pass,90,results=16; avgSummary=163; thinRows=0,
data/quiz-wave5-300.json,hobby-embroidery-set-wave5,source-json,Pass,90,results=16; avgSummary=161; thinRows=0,
data/quiz-wave5-300.json,hobby-pottery-class-wave5,source-json,Pass,90,results=16; avgSummary=161; thinRows=0,
data/quiz-wave5-300.json,hobby-baking-try-wave5,source-json,Pass,90,results=16; avgSummary=163; thinRows=0,
data/quiz-wave5-300.json,hobby-photo-edit-wave5,source-json,Pass,90,results=16; avgSummary=161; thinRows=0,
data/quiz-wave5-300.json,hobby-video-cut-wave5,source-json,Pass,90,results=16; avgSummary=161; thinRows=0,
data/quiz-wave5-300.json,hobby-board-game-wave5,source-json,Pass,90,results=16; avgSummary=165; thinRows=0,
data/quiz-wave5-300.json,hobby-card-game-wave5,source-json,Pass,90,results=16; avgSummary=159; thinRows=0,
data/quiz-wave5-300.json,hobby-karaoke-pick-wave5,source-json,Pass,90,results=16; avgSummary=163; thinRows=0,
data/quiz-wave5-300.json,hobby-dance-class-wave5,source-json,Pass,90,results=16; avgSummary=163; thinRows=0,
data/quiz-wave5-300.json,hobby-yoga-flow-wave5,source-json,Pass,90,results=16; avgSummary=161; thinRows=0,
data/quiz-wave5-300.json,hobby-meditation-min-wave5,source-json,Pass,90,results=16; avgSummary=161; thinRows=0,
data/quiz-wave5-300.json,hobby-garden-care-wave5,source-json,Pass,90,results=16; avgSummary=163; thinRows=0,
data/quiz-wave5-300.json,hobby-craft-kit-wave5,source-json,Pass,90,results=16; avgSummary=163; thinRows=0,
data/quiz-wave5-300.json,hobby-coloring-set-wave5,source-json,Pass,90,results=16; avgSummary=161; thinRows=0,
data/quiz-wave5-300.json,hobby-interior-shift-wave5,source-json,Pass,90,results=16; avgSummary=165; thinRows=0,
data/quiz-wave5-300.json,hobby-bookshelf-tidy-wave5,source-json,Pass,90,results=16; avgSummary=161; thinRows=0,
data/quiz-wave5-300.json,hobby-poem-read-wave5,source-json,Pass,90,results=16; avgSummary=161; thinRows=0,
data/quiz-wave5-300.json,hobby-radio-listen-wave5,source-json,Pass,90,results=16; avgSummary=163; thinRows=0,
data/quiz-wave5-300.json,mood-anger-signal-wave5,source-json,Pass,90,results=16; avgSummary=173; thinRows=0,
data/quiz-wave5-300.json,mood-lonely-time-wave5,source-json,Pass,90,results=16; avgSummary=172; thinRows=0,
data/quiz-wave5-300.json,mood-jealous-hold-wave5,source-json,Pass,90,results=16; avgSummary=171; thinRows=0,
data/quiz-wave5-300.json,mood-envy-deal-wave5,source-json,Pass,90,results=16; avgSummary=172; thinRows=0,
data/quiz-wave5-300.json,mood-self-boast-wave5,source-json,Pass,90,results=16; avgSummary=169; thinRows=0,
data/quiz-wave5-300.json,mood-compliment-give-wave5,source-json,Pass,90,results=16; avgSummary=172; thinRows=0,
data/quiz-wave5-300.json,mood-warm-words-wave5,source-json,Pass,90,results=16; avgSummary=181; thinRows=0,
data/quiz-wave5-300.json,mood-self-accept-wave5,source-json,Pass,90,results=16; avgSummary=170; thinRows=0,
data/quiz-wave5-300.json,mood-thanks-diary-wave5,source-json,Pass,90,results=16; avgSummary=169; thinRows=0,
data/quiz-wave5-300.json,mood-anger-diary-wave5,source-json,Pass,90,results=16; avgSummary=170; thinRows=0,
data/quiz-wave5-300.json,mood-name-feel-wave5,source-json,Pass,90,results=16; avgSummary=177; thinRows=0,
data/quiz-wave5-300.json,mood-heart-empty-wave5,source-json,Pass,90,results=16; avgSummary=172; thinRows=0,
data/quiz-wave5-300.json,mood-comfort-food-wave5,source-json,Pass,90,results=16; avgSummary=169; thinRows=0,
data/quiz-wave5-300.json,mood-comfort-music-wave5,source-json,Pass,90,results=16; avgSummary=170; thinRows=0,
data/quiz-wave5-300.json,mood-share-with-wave5,source-json,Pass,90,results=16; avgSummary=175; thinRows=0,
data/quiz-wave5-300.json,mood-heart-alarm-wave5,source-json,Pass,90,results=16; avgSummary=170; thinRows=0,
data/quiz-wave5-300.json,mood-burden-sign-wave5,source-json,Pass,90,results=16; avgSummary=169; thinRows=0,
data/quiz-wave5-300.json,mood-refusal-feel-wave5,source-json,Pass,90,results=16; avgSummary=174; thinRows=0,
data/quiz-wave5-300.json,mood-ignored-feel-wave5,source-json,Pass,90,results=16; avgSummary=175; thinRows=0,
data/quiz-wave5-300.json,mood-new-start-wave5,source-json,Pass,90,results=16; avgSummary=174; thinRows=0,
data/quiz-wave5-300.json,mood-regret-sort-wave5,source-json,Pass,90,results=16; avgSummary=169; thinRows=0,
data/quiz-wave5-300.json,mood-longing-hold-wave5,source-json,Pass,90,results=16; avgSummary=174; thinRows=0,
data/quiz-wave5-300.json,mood-fear-signal-wave5,source-json,Pass,90,results=16; avgSummary=171; thinRows=0,
data/quiz-wave5-300.json,mood-thrill-show-wave5,source-json,Pass,90,results=16; avgSummary=170; thinRows=0,
data/quiz-wave5-300.json,mood-relief-feel-wave5,source-json,Pass,90,results=16; avgSummary=175; thinRows=0,
data/quiz-wave5-300.json,trip-flight-when-wave5,source-json,Pass,90,results=16; avgSummary=168; thinRows=0,
data/quiz-wave5-300.json,trip-window-aisle-wave5,source-json,Pass,90,results=16; avgSummary=168; thinRows=0,
data/quiz-wave5-300.json,trip-bag-weight-wave5,source-json,Pass,90,results=16; avgSummary=164; thinRows=0,
data/quiz-wave5-300.json,trip-currency-when-wave5,source-json,Pass,90,results=16; avgSummary=160; thinRows=0,
data/quiz-wave5-300.json,trip-passport-keep-wave5,source-json,Pass,90,results=16; avgSummary=160; thinRows=0,
data/quiz-wave5-300.json,trip-visa-check-wave5,source-json,Pass,90,results=16; avgSummary=160; thinRows=0,
data/quiz-wave5-300.json,trip-alarm-set-wave5,source-json,Pass,90,results=16; avgSummary=160; thinRows=0,
data/quiz-wave5-300.json,trip-jetlag-step-wave5,source-json,Pass,90,results=16; avgSummary=160; thinRows=0,
data/quiz-wave5-300.json,trip-local-sim-wave5,source-json,Pass,90,results=16; avgSummary=162; thinRows=0,
data/quiz-wave5-300.json,trip-hotel-room-wave5,source-json,Pass,90,results=16; avgSummary=164; thinRows=0,
data/quiz-wave5-300.json,trip-guesthouse-stay-wave5,source-json,Pass,90,results=16; avgSummary=162; thinRows=0,
data/quiz-wave5-300.json,trip-korean-food-wave5,source-json,Pass,90,results=16; avgSummary=162; thinRows=0,
data/quiz-wave5-300.json,trip-street-food-wave5,source-json,Pass,90,results=16; avgSummary=162; thinRows=0,
data/quiz-wave5-300.json,trip-site-line-wave5,source-json,Pass,90,results=16; avgSummary=158; thinRows=0,
data/quiz-wave5-300.json,trip-guide-tour-wave5,source-json,Pass,90,results=16; avgSummary=162; thinRows=0,
data/quiz-wave5-300.json,trip-free-time-wave5,source-json,Pass,90,results=16; avgSummary=160; thinRows=0,
data/quiz-wave5-300.json,trip-travel-insurance-wave5,source-json,Pass,90,results=16; avgSummary=162; thinRows=0,
data/quiz-wave5-300.json,trip-luggage-color-wave5,source-json,Pass,90,results=16; avgSummary=160; thinRows=0,
data/quiz-wave5-300.json,trip-extra-bag-wave5,source-json,Pass,90,results=16; avgSummary=164; thinRows=0,
data/quiz-wave5-300.json,trip-travel-diary-wave5,source-json,Pass,90,results=16; avgSummary=164; thinRows=0,
data/quiz-wave5-300.json,trip-scenery-shot-wave5,source-json,Pass,90,results=16; avgSummary=160; thinRows=0,
data/quiz-wave5-300.json,trip-selfie-pose-wave5,source-json,Pass,90,results=16; avgSummary=160; thinRows=0,
data/quiz-wave5-300.json,trip-fellow-meal-wave5,source-json,Pass,90,results=16; avgSummary=160; thinRows=0,
data/quiz-wave5-300.json,trip-after-sns-wave5,source-json,Pass,90,results=16; avgSummary=166; thinRows=0,
data/quiz-wave5-300.json,trip-camera-pack-wave5,source-json,Pass,90,results=16; avgSummary=162; thinRows=0,
data/quiz-wave5-300.json,vital-foot-massage-wave5,source-json,Pass,90,results=16; avgSummary=161; thinRows=0,
data/quiz-wave5-300.json,vital-wrist-care-wave5,source-json,Pass,90,results=16; avgSummary=160; thinRows=0,
data/quiz-wave5-300.json,vital-neck-posture-wave5,source-json,Pass,90,results=16; avgSummary=163; thinRows=0,
data/quiz-wave5-300.json,vital-shoulder-rotate-wave5,source-json,Pass,90,results=16; avgSummary=160; thinRows=0,
data/quiz-wave5-300.json,vital-core-work-wave5,source-json,Pass,90,results=16; avgSummary=161; thinRows=0,
data/quiz-wave5-300.json,vital-protein-take-wave5,source-json,Pass,90,results=16; avgSummary=162; thinRows=0,
data/quiz-wave5-300.json,vital-vitamin-pick-wave5,source-json,Pass,90,results=16; avgSummary=163; thinRows=0,
data/quiz-wave5-300.json,vital-supplement-start-wave5,source-json,Pass,90,results=16; avgSummary=162; thinRows=0,
data/quiz-wave5-300.json,vital-fiber-add-wave5,source-json,Pass,90,results=16; avgSummary=159; thinRows=0,
data/quiz-wave5-300.json,vital-caffeine-cut-wave5,source-json,Pass,90,results=16; avgSummary=164; thinRows=0,
data/quiz-wave5-300.json,vital-alcohol-cut-wave5,source-json,Pass,90,results=16; avgSummary=161; thinRows=0,
data/quiz-wave5-300.json,vital-sweet-cut-wave5,source-json,Pass,90,results=16; avgSummary=164; thinRows=0,
data/quiz-wave5-300.json,vital-meal-time-wave5,source-json,Pass,90,results=16; avgSummary=161; thinRows=0,
data/quiz-wave5-300.json,vital-latenight-stop-wave5,source-json,Pass,90,results=16; avgSummary=160; thinRows=0,
data/quiz-wave5-300.json,vital-fast-try-wave5,source-json,Pass,90,results=16; avgSummary=161; thinRows=0,
data/quiz-wave5-300.json,vital-scale-check-wave5,source-json,Pass,90,results=16; avgSummary=162; thinRows=0,
data/quiz-wave5-300.json,vital-health-checkup-wave5,source-json,Pass,90,results=16; avgSummary=159; thinRows=0,
data/quiz-wave5-300.json,vital-dental-visit-wave5,source-json,Pass,90,results=16; avgSummary=160; thinRows=0,
data/quiz-wave5-300.json,vital-eye-check-wave5,source-json,Pass,90,results=16; avgSummary=165; thinRows=0,
data/quiz-wave5-300.json,vital-skin-visit-wave5,source-json,Pass,90,results=16; avgSummary=162; thinRows=0,
data/quiz-wave5-300.json,vital-meds-time-wave5,source-json,Pass,90,results=16; avgSummary=165; thinRows=0,
data/quiz-wave5-300.json,vital-fever-step-wave5,source-json,Pass,90,results=16; avgSummary=160; thinRows=0,
data/quiz-wave5-300.json,vital-headache-step-wave5,source-json,Pass,90,results=16; avgSummary=161; thinRows=0,
data/quiz-wave5-300.json,vital-digest-step-wave5,source-json,Pass,90,results=16; avgSummary=160; thinRows=0,
data/quiz-wave5-300.json,vital-immunity-care-wave5,source-json,Pass,90,results=16; avgSummary=163; thinRows=0,
data/quiz-wave5-300.json,skill-eng-word-wave5,source-json,Pass,90,results=16; avgSummary=168; thinRows=0,
data/quiz-wave5-300.json,skill-hanja-study-wave5,source-json,Pass,90,results=16; avgSummary=160; thinRows=0,
data/quiz-wave5-300.json,skill-cert-start-wave5,source-json,Pass,90,results=16; avgSummary=162; thinRows=0,
data/quiz-wave5-300.json,skill-online-pay-wave5,source-json,Pass,90,results=16; avgSummary=160; thinRows=0,
data/quiz-wave5-300.json,skill-library-use-wave5,source-json,Pass,90,results=16; avgSummary=162; thinRows=0,
data/quiz-wave5-300.json,skill-study-cafe-wave5,source-json,Pass,90,results=16; avgSummary=162; thinRows=0,
data/quiz-wave5-300.json,skill-tutor-class-wave5,source-json,Pass,90,results=16; avgSummary=160; thinRows=0,
data/quiz-wave5-300.json,skill-toeic-prep-wave5,source-json,Pass,90,results=16; avgSummary=160; thinRows=0,
data/quiz-wave5-300.json,skill-interview-prep-wave5,source-json,Pass,90,results=16; avgSummary=160; thinRows=0,
data/quiz-wave5-300.json,skill-resume-write-wave5,source-json,Pass,90,results=16; avgSummary=160; thinRows=0,
data/quiz-wave5-300.json,skill-portfolio-pack-wave5,source-json,Pass,90,results=16; avgSummary=160; thinRows=0,
data/quiz-wave5-300.json,skill-code-intro-wave5,source-json,Pass,90,results=16; avgSummary=160; thinRows=0,
data/quiz-wave5-300.json,skill-draw-class-wave5,source-json,Pass,90,results=16; avgSummary=160; thinRows=0,
data/quiz-wave5-300.json,skill-instrument-learn-wave5,source-json,Pass,90,results=16; avgSummary=162; thinRows=0,
data/quiz-wave5-300.json,skill-lang-talk-wave5,source-json,Pass,90,results=16; avgSummary=162; thinRows=0,
data/quiz-wave5-300.json,skill-ged-prep-wave5,source-json,Pass,90,results=16; avgSummary=158; thinRows=0,
data/quiz-wave5-300.json,skill-adult-edu-wave5,source-json,Pass,90,results=16; avgSummary=158; thinRows=0,
data/quiz-wave5-300.json,skill-read-challenge-wave5,source-json,Pass,90,results=16; avgSummary=162; thinRows=0,
data/quiz-wave5-300.json,skill-eng-diary-wave5,source-json,Pass,90,results=16; avgSummary=160; thinRows=0,
data/quiz-wave5-300.json,skill-pronounce-drill-wave5,source-json,Pass,90,results=16; avgSummary=160; thinRows=0,
data/quiz-wave5-300.json,skill-listening-train-wave5,source-json,Pass,90,results=16; avgSummary=160; thinRows=0,
data/quiz-wave5-300.json,skill-write-class-wave5,source-json,Pass,90,results=16; avgSummary=162; thinRows=0,
data/quiz-wave5-300.json,skill-speech-drill-wave5,source-json,Pass,90,results=16; avgSummary=160; thinRows=0,
data/quiz-wave5-300.json,skill-debate-join-wave5,source-json,Pass,90,results=16; avgSummary=160; thinRows=0,
data/quiz-wave5-300.json,skill-self-study-wave5,source-json,Pass,90,results=16; avgSummary=160; thinRows=0,
data/quiz-wave5-300.json,season-spring-new-wave5,source-json,Pass,90,results=16; avgSummary=159; thinRows=0,
data/quiz-wave5-300.json,season-summer-beach-wave5,source-json,Pass,90,results=16; avgSummary=162; thinRows=0,
data/quiz-wave5-300.json,season-autumn-foliage-wave5,source-json,Pass,90,results=16; avgSummary=161; thinRows=0,
data/quiz-wave5-300.json,season-winter-ski-wave5,source-json,Pass,90,results=16; avgSummary=162; thinRows=0,
data/quiz-wave5-300.json,season-dust-mask-wave5,source-json,Pass,90,results=16; avgSummary=163; thinRows=0,
data/quiz-wave5-300.json,season-monsoon-prep-wave5,source-json,Pass,90,results=16; avgSummary=162; thinRows=0,
data/quiz-wave5-300.json,season-heat-shelter-wave5,source-json,Pass,90,results=16; avgSummary=161; thinRows=0,
data/quiz-wave5-300.json,season-cold-out-wave5,source-json,Pass,90,results=16; avgSummary=162; thinRows=0,
data/quiz-wave5-300.json,season-year-end-wave5,source-json,Pass,90,results=16; avgSummary=161; thinRows=0,
data/quiz-wave5-300.json,season-newyear-table-wave5,source-json,Pass,90,results=16; avgSummary=168; thinRows=0,
data/quiz-wave5-300.json,season-chuseok-treat-wave5,source-json,Pass,90,results=16; avgSummary=161; thinRows=0,
data/quiz-wave5-300.json,season-child-day-wave5,source-json,Pass,90,results=16; avgSummary=166; thinRows=0,
data/quiz-wave5-300.json,season-parents-day-wave5,source-json,Pass,90,results=16; avgSummary=169; thinRows=0,
data/quiz-wave5-300.json,season-xmas-tree-wave5,source-json,Pass,90,results=16; avgSummary=168; thinRows=0,
data/quiz-wave5-300.json,season-halloween-dress-wave5,source-json,Pass,90,results=16; avgSummary=163; thinRows=0,
data/quiz-wave5-300.json,season-aprfool-joke-wave5,source-json,Pass,90,results=16; avgSummary=164; thinRows=0,
data/quiz-wave5-300.json,season-full-moon-wave5,source-json,Pass,90,results=16; avgSummary=161; thinRows=0,
data/quiz-wave5-300.json,season-winter-solstice-wave5,source-json,Pass,90,results=16; avgSummary=162; thinRows=0,
data/quiz-wave5-300.json,season-closet-shift-wave5,source-json,Pass,90,results=16; avgSummary=163; thinRows=0,
data/quiz-wave5-300.json,season-shaved-ice-wave5,source-json,Pass,90,results=16; avgSummary=162; thinRows=0,
data/quiz-wave5-300.json,season-hotbun-season-wave5,source-json,Pass,90,results=16; avgSummary=161; thinRows=0,
data/quiz-wave5-300.json,season-tea-brew-wave5,source-json,Pass,90,results=16; avgSummary=162; thinRows=0,
data/quiz-wave5-300.json,season-mosquito-block-wave5,source-json,Pass,90,results=16; avgSummary=161; thinRows=0,
data/quiz-wave5-300.json,season-sun-uv-wave5,source-json,Pass,90,results=16; avgSummary=164; thinRows=0,
data/quiz-wave5-300.json,season-after-rain-wave5,source-json,Pass,90,results=16; avgSummary=163; thinRows=0,
data/quiz-wave5-300.json,care-before-work-wave5,source-json,Pass,90,results=16; avgSummary=177; thinRows=0,
data/quiz-wave5-300.json,care-morning-meditate-wave5,source-json,Pass,90,results=16; avgSummary=173; thinRows=0,
data/quiz-wave5-300.json,care-breath-count-wave5,source-json,Pass,90,results=16; avgSummary=175; thinRows=0,
data/quiz-wave5-300.json,care-digital-detox-wave5,source-json,Pass,90,results=16; avgSummary=177; thinRows=0,
data/quiz-wave5-300.json,care-walk-meditate-wave5,source-json,Pass,90,results=16; avgSummary=173; thinRows=0,
data/quiz-wave5-300.json,care-feeling-diary-wave5,source-json,Pass,90,results=16; avgSummary=173; thinRows=0,
data/quiz-wave5-300.json,care-visualize-scene-wave5,source-json,Pass,90,results=16; avgSummary=169; thinRows=0,
data/quiz-wave5-300.json,care-self-soothe-wave5,source-json,Pass,90,results=16; avgSummary=173; thinRows=0,
data/quiz-wave5-300.json,care-rest-signal-wave5,source-json,Pass,90,results=16; avgSummary=173; thinRows=0,
data/quiz-wave5-300.json,care-short-walk-wave5,source-json,Pass,90,results=16; avgSummary=173; thinRows=0,
data/quiz-wave5-300.json,care-mindful-step-wave5,source-json,Pass,90,results=16; avgSummary=173; thinRows=0,
data/quiz-wave5-300.json,care-ground-feet-wave5,source-json,Pass,90,results=16; avgSummary=171; thinRows=0,
data/quiz-wave5-300.json,care-diary-close-wave5,source-json,Pass,90,results=16; avgSummary=173; thinRows=0,
data/quiz-wave5-300.json,care-phone-away-wave5,source-json,Pass,90,results=16; avgSummary=175; thinRows=0,
data/quiz-wave5-300.json,care-one-page-wave5,source-json,Pass,90,results=16; avgSummary=177; thinRows=0,
data/quiz-wave5-300.json,care-one-song-wave5,source-json,Pass,90,results=16; avgSummary=175; thinRows=0,
data/quiz-wave5-300.json,care-one-tea-wave5,source-json,Pass,90,results=16; avgSummary=173; thinRows=0,
data/quiz-wave5-300.json,care-sun-five-wave5,source-json,Pass,90,results=16; avgSummary=173; thinRows=0,
data/quiz-wave5-300.json,care-mirror-greet-wave5,source-json,Pass,90,results=16; avgSummary=173; thinRows=0,
data/quiz-wave5-300.json,care-tidy-one-min-wave5,source-json,Pass,90,results=16; avgSummary=173; thinRows=0,
data/quiz-wave5-300.json,care-one-memo-wave5,source-json,Pass,90,results=16; avgSummary=175; thinRows=0,
data/quiz-wave5-300.json,care-one-photo-wave5,source-json,Pass,90,results=16; avgSummary=175; thinRows=0,
data/quiz-wave5-300.json,care-plant-look-wave5,source-json,Pass,90,results=16; avgSummary=173; thinRows=0,
data/quiz-wave5-300.json,care-scent-breath-wave5,source-json,Pass,90,results=16; avgSummary=175; thinRows=0,
data/quiz-wave5-300.json,care-warm-water-wave5,source-json,Pass,90,results=16; avgSummary=183; thinRows=0,
data/quiz-wave6-300.json,outing-leave-checklist-wave6,source-json,Pass,90,results=16; avgSummary=175; thinRows=0,
data/quiz-wave6-300.json,outing-earphone-pick-wave6,source-json,Pass,90,results=16; avgSummary=170; thinRows=0,
data/quiz-wave6-300.json,outing-mask-pack-wave6,source-json,Pass,90,results=16; avgSummary=171; thinRows=0,
data/quiz-wave6-300.json,outing-card-or-cash-wave6,source-json,Pass,90,results=16; avgSummary=170; thinRows=0,
data/quiz-wave6-300.json,outing-lipbalm-pack-wave6,source-json,Pass,90,results=16; avgSummary=169; thinRows=0,
data/quiz-wave6-300.json,outing-bus-or-subway-wave6,source-json,Pass,90,results=16; avgSummary=172; thinRows=0,
data/quiz-wave6-300.json,outing-taxi-call-wave6,source-json,Pass,90,results=16; avgSummary=169; thinRows=0,
data/quiz-wave6-300.json,outing-walk-pace-wave6,source-json,Pass,90,results=16; avgSummary=168; thinRows=0,
data/quiz-wave6-300.json,outing-mirror-final-wave6,source-json,Pass,90,results=16; avgSummary=171; thinRows=0,
data/quiz-wave6-300.json,outing-lights-off-wave6,source-json,Pass,90,results=16; avgSummary=168; thinRows=0,
data/quiz-wave6-300.json,outing-gas-shutoff-wave6,source-json,Pass,90,results=16; avgSummary=171; thinRows=0,
data/quiz-wave6-300.json,outing-earlier-leave-wave6,source-json,Pass,90,results=16; avgSummary=170; thinRows=0,
data/quiz-wave6-300.json,outing-meeting-cafe-wave6,source-json,Pass,90,results=16; avgSummary=169; thinRows=0,
data/quiz-wave6-300.json,outing-meeting-park-wave6,source-json,Pass,90,results=16; avgSummary=168; thinRows=0,
data/quiz-wave6-300.json,outing-parking-find-wave6,source-json,Pass,90,results=16; avgSummary=169; thinRows=0,
data/quiz-wave6-300.json,outing-umbrella-fold-wave6,source-json,Pass,90,results=16; avgSummary=176; thinRows=0,
data/quiz-wave6-300.json,outing-water-bottle-wave6,source-json,Pass,90,results=16; avgSummary=171; thinRows=0,
data/quiz-wave6-300.json,outing-snack-bag-wave6,source-json,Pass,90,results=16; avgSummary=168; thinRows=0,
data/quiz-wave6-300.json,outing-dust-check-wave6,source-json,Pass,90,results=16; avgSummary=173; thinRows=0,
data/quiz-wave6-300.json,outing-forecast-glance-wave6,source-json,Pass,90,results=16; avgSummary=172; thinRows=0,
data/quiz-wave6-300.json,outing-map-preset-wave6,source-json,Pass,90,results=16; avgSummary=175; thinRows=0,
data/quiz-wave6-300.json,outing-small-coin-wave6,source-json,Pass,90,results=16; avgSummary=168; thinRows=0,
data/quiz-wave6-300.json,outing-return-route-wave6,source-json,Pass,90,results=16; avgSummary=169; thinRows=0,
data/quiz-wave6-300.json,outing-public-bench-wave6,source-json,Pass,90,results=16; avgSummary=174; thinRows=0,
data/quiz-wave6-300.json,outing-solo-outing-wave6,source-json,Pass,90,results=16; avgSummary=171; thinRows=0,
data/quiz-wave6-300.json,meal-soup-or-stew-wave6,source-json,Pass,90,results=16; avgSummary=170; thinRows=0,
data/quiz-wave6-300.json,meal-rice-ratio-wave6,source-json,Pass,90,results=16; avgSummary=168; thinRows=0,
data/quiz-wave6-300.json,meal-noodle-night-wave6,source-json,Pass,90,results=16; avgSummary=174; thinRows=0,
data/quiz-wave6-300.json,meal-bread-morning-wave6,source-json,Pass,90,results=16; avgSummary=168; thinRows=0,
data/quiz-wave6-300.json,meal-egg-style-wave6,source-json,Pass,90,results=16; avgSummary=172; thinRows=0,
data/quiz-wave6-300.json,meal-meal-prep-wave6,source-json,Pass,90,results=16; avgSummary=176; thinRows=0,
data/quiz-wave6-300.json,meal-lunchbox-pack-wave6,source-json,Pass,90,results=16; avgSummary=172; thinRows=0,
data/quiz-wave6-300.json,meal-sauce-mix-wave6,source-json,Pass,90,results=16; avgSummary=170; thinRows=0,
data/quiz-wave6-300.json,meal-plate-arrange-wave6,source-json,Pass,90,results=16; avgSummary=170; thinRows=0,
data/quiz-wave6-300.json,meal-leftover-keep-wave6,source-json,Pass,90,results=16; avgSummary=176; thinRows=0,
data/quiz-wave6-300.json,meal-spicy-tolerance-wave6,source-json,Pass,90,results=16; avgSummary=172; thinRows=0,
data/quiz-wave6-300.json,meal-sweet-after-wave6,source-json,Pass,90,results=16; avgSummary=170; thinRows=0,
data/quiz-wave6-300.json,meal-coffee-after-wave6,source-json,Pass,90,results=16; avgSummary=170; thinRows=0,
data/quiz-wave6-300.json,meal-fruit-end-wave6,source-json,Pass,90,results=16; avgSummary=170; thinRows=0,
data/quiz-wave6-300.json,meal-solo-meal-mood-wave6,source-json,Pass,90,results=16; avgSummary=172; thinRows=0,
data/quiz-wave6-300.json,meal-share-plate-wave6,source-json,Pass,90,results=16; avgSummary=176; thinRows=0,
data/quiz-wave6-300.json,meal-restaurant-pick-wave6,source-json,Pass,90,results=16; avgSummary=172; thinRows=0,
data/quiz-wave6-300.json,meal-takeout-frequency-wave6,source-json,Pass,90,results=16; avgSummary=170; thinRows=0,
data/quiz-wave6-300.json,meal-delivery-order-wave6,source-json,Pass,90,results=16; avgSummary=170; thinRows=0,
data/quiz-wave6-300.json,meal-new-recipe-wave6,source-json,Pass,90,results=16; avgSummary=170; thinRows=0,
data/quiz-wave6-300.json,meal-cooking-mood-wave6,source-json,Pass,90,results=16; avgSummary=178; thinRows=0,
data/quiz-wave6-300.json,meal-spice-rack-wave6,source-json,Pass,90,results=16; avgSummary=172; thinRows=0,
data/quiz-wave6-300.json,meal-meal-photo-wave6,source-json,Pass,90,results=16; avgSummary=170; thinRows=0,
data/quiz-wave6-300.json,meal-fridge-meal-wave6,source-json,Pass,90,results=16; avgSummary=174; thinRows=0,
data/quiz-wave6-300.json,meal-dish-order-wave6,source-json,Pass,90,results=16; avgSummary=172; thinRows=0,
data/quiz-wave6-300.json,drive-lane-change-wave6,source-json,Pass,90,results=16; avgSummary=163; thinRows=0,
data/quiz-wave6-300.json,drive-highway-speed-wave6,source-json,Pass,90,results=16; avgSummary=168; thinRows=0,
data/quiz-wave6-300.json,drive-nav-trust-wave6,source-json,Pass,90,results=16; avgSummary=163; thinRows=0,
data/quiz-wave6-300.json,drive-fuel-fill-wave6,source-json,Pass,90,results=16; avgSummary=164; thinRows=0,
data/quiz-wave6-300.json,drive-wash-routine-wave6,source-json,Pass,90,results=16; avgSummary=163; thinRows=0,
data/quiz-wave6-300.json,drive-tire-check-wave6,source-json,Pass,90,results=16; avgSummary=166; thinRows=0,
data/quiz-wave6-300.json,drive-wiper-replace-wave6,source-json,Pass,90,results=16; avgSummary=165; thinRows=0,
data/quiz-wave6-300.json,drive-engine-warmup-wave6,source-json,Pass,90,results=16; avgSummary=164; thinRows=0,
data/quiz-wave6-300.json,drive-music-drive-wave6,source-json,Pass,90,results=16; avgSummary=167; thinRows=0,
data/quiz-wave6-300.json,drive-radio-listen-drive-wave6,source-json,Pass,90,results=16; avgSummary=166; thinRows=0,
data/quiz-wave6-300.json,drive-passenger-care-wave6,source-json,Pass,90,results=16; avgSummary=165; thinRows=0,
data/quiz-wave6-300.json,drive-seatbelt-back-wave6,source-json,Pass,90,results=16; avgSummary=170; thinRows=0,
data/quiz-wave6-300.json,drive-park-style-wave6,source-json,Pass,90,results=16; avgSummary=165; thinRows=0,
data/quiz-wave6-300.json,drive-reverse-park-wave6,source-json,Pass,90,results=16; avgSummary=164; thinRows=0,
data/quiz-wave6-300.json,drive-traffic-jam-wave6,source-json,Pass,90,results=16; avgSummary=163; thinRows=0,
data/quiz-wave6-300.json,drive-yellow-light-wave6,source-json,Pass,90,results=16; avgSummary=170; thinRows=0,
data/quiz-wave6-300.json,drive-pedestrian-wait-wave6,source-json,Pass,90,results=16; avgSummary=165; thinRows=0,
data/quiz-wave6-300.json,drive-honk-use-wave6,source-json,Pass,90,results=16; avgSummary=164; thinRows=0,
data/quiz-wave6-300.json,drive-dashcam-view-wave6,source-json,Pass,90,results=16; avgSummary=167; thinRows=0,
data/quiz-wave6-300.json,drive-fuel-economy-wave6,source-json,Pass,90,results=16; avgSummary=164; thinRows=0,
data/quiz-wave6-300.json,drive-dent-fix-wave6,source-json,Pass,90,results=16; avgSummary=163; thinRows=0,
data/quiz-wave6-300.json,drive-repair-timing-wave6,source-json,Pass,90,results=16; avgSummary=166; thinRows=0,
data/quiz-wave6-300.json,drive-car-snack-wave6,source-json,Pass,90,results=16; avgSummary=165; thinRows=0,
data/quiz-wave6-300.json,drive-air-freshener-wave6,source-json,Pass,90,results=16; avgSummary=166; thinRows=0,
data/quiz-wave6-300.json,drive-night-drive-wave6,source-json,Pass,90,results=16; avgSummary=163; thinRows=0,
data/quiz-wave6-300.json,pet-walk-time-wave6,source-json,Pass,90,results=16; avgSummary=169; thinRows=0,
data/quiz-wave6-300.json,pet-walk-route-wave6,source-json,Pass,90,results=16; avgSummary=169; thinRows=0,
data/quiz-wave6-300.json,pet-leash-type-wave6,source-json,Pass,90,results=16; avgSummary=171; thinRows=0,
data/quiz-wave6-300.json,pet-kibble-pick-wave6,source-json,Pass,90,results=16; avgSummary=177; thinRows=0,
data/quiz-wave6-300.json,pet-wet-or-dry-wave6,source-json,Pass,90,results=16; avgSummary=169; thinRows=0,
data/quiz-wave6-300.json,pet-treat-give-wave6,source-json,Pass,90,results=16; avgSummary=169; thinRows=0,
data/quiz-wave6-300.json,pet-bath-cycle-wave6,source-json,Pass,90,results=16; avgSummary=169; thinRows=0,
data/quiz-wave6-300.json,pet-brush-time-wave6,source-json,Pass,90,results=16; avgSummary=169; thinRows=0,
data/quiz-wave6-300.json,pet-nail-trim-wave6,source-json,Pass,90,results=16; avgSummary=169; thinRows=0,
data/quiz-wave6-300.json,pet-vet-checkup-wave6,source-json,Pass,90,results=16; avgSummary=173; thinRows=0,
data/quiz-wave6-300.json,pet-vaccine-schedule-wave6,source-json,Pass,90,results=16; avgSummary=167; thinRows=0,
data/quiz-wave6-300.json,pet-dental-care-pet-wave6,source-json,Pass,90,results=16; avgSummary=169; thinRows=0,
data/quiz-wave6-300.json,pet-clean-bed-wave6,source-json,Pass,90,results=16; avgSummary=171; thinRows=0,
data/quiz-wave6-300.json,pet-litter-clean-wave6,source-json,Pass,90,results=16; avgSummary=171; thinRows=0,
data/quiz-wave6-300.json,pet-toy-rotate-wave6,source-json,Pass,90,results=16; avgSummary=171; thinRows=0,
data/quiz-wave6-300.json,pet-new-toy-wave6,source-json,Pass,90,results=16; avgSummary=169; thinRows=0,
data/quiz-wave6-300.json,pet-socialize-wave6,source-json,Pass,90,results=16; avgSummary=171; thinRows=0,
data/quiz-wave6-300.json,pet-stay-home-pet-wave6,source-json,Pass,90,results=16; avgSummary=177; thinRows=0,
data/quiz-wave6-300.json,pet-away-prep-wave6,source-json,Pass,90,results=16; avgSummary=173; thinRows=0,
data/quiz-wave6-300.json,pet-pet-photo-wave6,source-json,Pass,90,results=16; avgSummary=169; thinRows=0,
data/quiz-wave6-300.json,pet-pet-name-call-wave6,source-json,Pass,90,results=16; avgSummary=175; thinRows=0,
data/quiz-wave6-300.json,pet-training-line-wave6,source-json,Pass,90,results=16; avgSummary=169; thinRows=0,
data/quiz-wave6-300.json,pet-sleep-spot-wave6,source-json,Pass,90,results=16; avgSummary=171; thinRows=0,
data/quiz-wave6-300.json,pet-barking-handle-wave6,source-json,Pass,90,results=16; avgSummary=169; thinRows=0,
data/quiz-wave6-300.json,pet-pet-insurance-wave6,source-json,Pass,90,results=16; avgSummary=165; thinRows=0,
data/quiz-wave6-300.json,style-outfit-pick-am-wave6,source-json,Pass,90,results=16; avgSummary=169; thinRows=0,
data/quiz-wave6-300.json,style-color-base-wave6,source-json,Pass,90,results=16; avgSummary=160; thinRows=0,
data/quiz-wave6-300.json,style-pattern-mix-wave6,source-json,Pass,90,results=16; avgSummary=163; thinRows=0,
data/quiz-wave6-300.json,style-accessory-pick-wave6,source-json,Pass,90,results=16; avgSummary=166; thinRows=0,
data/quiz-wave6-300.json,style-bag-day-wave6,source-json,Pass,90,results=16; avgSummary=163; thinRows=0,
data/quiz-wave6-300.json,style-sneaker-pick-wave6,source-json,Pass,90,results=16; avgSummary=164; thinRows=0,
data/quiz-wave6-300.json,style-formal-set-wave6,source-json,Pass,90,results=16; avgSummary=163; thinRows=0,
data/quiz-wave6-300.json,style-business-casual-wave6,source-json,Pass,90,results=16; avgSummary=168; thinRows=0,
data/quiz-wave6-300.json,style-rainy-shoes-wave6,source-json,Pass,90,results=16; avgSummary=171; thinRows=0,
data/quiz-wave6-300.json,style-coat-layer-wave6,source-json,Pass,90,results=16; avgSummary=166; thinRows=0,
data/quiz-wave6-300.json,style-hat-pick-wave6,source-json,Pass,90,results=16; avgSummary=165; thinRows=0,
data/quiz-wave6-300.json,style-scarf-fold-wave6,source-json,Pass,90,results=16; avgSummary=164; thinRows=0,
data/quiz-wave6-300.json,style-jewelry-daily-wave6,source-json,Pass,90,results=16; avgSummary=167; thinRows=0,
data/quiz-wave6-300.json,style-watch-pick-wave6,source-json,Pass,90,results=16; avgSummary=162; thinRows=0,
data/quiz-wave6-300.json,style-perfume-spot-wave6,source-json,Pass,90,results=16; avgSummary=165; thinRows=0,
data/quiz-wave6-300.json,style-wardrobe-rotate-wave6,source-json,Pass,90,results=16; avgSummary=162; thinRows=0,
data/quiz-wave6-300.json,style-cleaning-bag-wave6,source-json,Pass,90,results=16; avgSummary=163; thinRows=0,
data/quiz-wave6-300.json,style-dry-clean-wave6,source-json,Pass,90,results=16; avgSummary=164; thinRows=0,
data/quiz-wave6-300.json,style-repair-clothes-wave6,source-json,Pass,90,results=16; avgSummary=161; thinRows=0,
data/quiz-wave6-300.json,style-donate-clothes-wave6,source-json,Pass,90,results=16; avgSummary=160; thinRows=0,
data/quiz-wave6-300.json,style-seasonal-buy-wave6,source-json,Pass,90,results=16; avgSummary=163; thinRows=0,
data/quiz-wave6-300.json,style-color-match-mirror-wave6,source-json,Pass,90,results=16; avgSummary=168; thinRows=0,
data/quiz-wave6-300.json,style-wedding-guest-wave6,source-json,Pass,90,results=16; avgSummary=167; thinRows=0,
data/quiz-wave6-300.json,style-funeral-attire-wave6,source-json,Pass,90,results=16; avgSummary=162; thinRows=0,
data/quiz-wave6-300.json,style-weekend-comfort-wave6,source-json,Pass,90,results=16; avgSummary=167; thinRows=0,
data/quiz-wave6-300.json,music-mood-playlist-wave6,source-json,Pass,90,results=16; avgSummary=180; thinRows=0,
data/quiz-wave6-300.json,music-work-music-wave6,source-json,Pass,90,results=16; avgSummary=172; thinRows=0,
data/quiz-wave6-300.json,music-workout-music-wave6,source-json,Pass,90,results=16; avgSummary=170; thinRows=0,
data/quiz-wave6-300.json,music-sleep-music-wave6,source-json,Pass,90,results=16; avgSummary=170; thinRows=0,
data/quiz-wave6-300.json,music-study-bgm-wave6,source-json,Pass,90,results=16; avgSummary=172; thinRows=0,
data/quiz-wave6-300.json,music-chart-check-wave6,source-json,Pass,90,results=16; avgSummary=176; thinRows=0,
data/quiz-wave6-300.json,music-new-album-wave6,source-json,Pass,90,results=16; avgSummary=170; thinRows=0,
data/quiz-wave6-300.json,music-live-stream-wave6,source-json,Pass,90,results=16; avgSummary=174; thinRows=0,
data/quiz-wave6-300.json,music-festival-go-wave6,source-json,Pass,90,results=16; avgSummary=174; thinRows=0,
data/quiz-wave6-300.json,music-solo-concert-wave6,source-json,Pass,90,results=16; avgSummary=172; thinRows=0,
data/quiz-wave6-300.json,music-vinyl-listen-wave6,source-json,Pass,90,results=16; avgSummary=170; thinRows=0,
data/quiz-wave6-300.json,music-bluetooth-speaker-wave6,source-json,Pass,90,results=16; avgSummary=176; thinRows=0,
data/quiz-wave6-300.json,music-headphone-pick-wave6,source-json,Pass,90,results=16; avgSummary=172; thinRows=0,
data/quiz-wave6-300.json,music-lyrics-read-wave6,source-json,Pass,90,results=16; avgSummary=170; thinRows=0,
data/quiz-wave6-300.json,music-song-share-wave6,source-json,Pass,90,results=16; avgSummary=170; thinRows=0,
data/quiz-wave6-300.json,music-cover-listen-wave6,source-json,Pass,90,results=16; avgSummary=172; thinRows=0,
data/quiz-wave6-300.json,music-instrumental-pref-wave6,source-json,Pass,90,results=16; avgSummary=172; thinRows=0,
data/quiz-wave6-300.json,music-karaoke-list-wave6,source-json,Pass,90,results=16; avgSummary=174; thinRows=0,
data/quiz-wave6-300.json,music-radio-pick-wave6,source-json,Pass,90,results=16; avgSummary=172; thinRows=0,
data/quiz-wave6-300.json,music-podcast-mix-wave6,source-json,Pass,90,results=16; avgSummary=174; thinRows=0,
data/quiz-wave6-300.json,music-throwback-play-wave6,source-json,Pass,90,results=16; avgSummary=170; thinRows=0,
data/quiz-wave6-300.json,music-genre-explore-wave6,source-json,Pass,90,results=16; avgSummary=170; thinRows=0,
data/quiz-wave6-300.json,music-album-cover-wave6,source-json,Pass,90,results=16; avgSummary=170; thinRows=0,
data/quiz-wave6-300.json,music-concert-photo-wave6,source-json,Pass,90,results=16; avgSummary=170; thinRows=0,
data/quiz-wave6-300.json,music-song-recommend-wave6,source-json,Pass,90,results=16; avgSummary=168; thinRows=0,
data/quiz-wave6-300.json,visual-binge-watch-wave6,source-json,Pass,90,results=16; avgSummary=167; thinRows=0,
data/quiz-wave6-300.json,visual-one-episode-wave6,source-json,Pass,90,results=16; avgSummary=172; thinRows=0,
data/quiz-wave6-300.json,visual-series-end-wave6,source-json,Pass,90,results=16; avgSummary=173; thinRows=0,
data/quiz-wave6-300.json,visual-weekly-wait-wave6,source-json,Pass,90,results=16; avgSummary=176; thinRows=0,
data/quiz-wave6-300.json,visual-movie-pick-couple-wave6,source-json,Pass,90,results=16; avgSummary=177; thinRows=0,
data/quiz-wave6-300.json,visual-doc-watch-wave6,source-json,Pass,90,results=16; avgSummary=170; thinRows=0,
data/quiz-wave6-300.json,visual-short-clip-wave6,source-json,Pass,90,results=16; avgSummary=175; thinRows=0,
data/quiz-wave6-300.json,visual-long-form-wave6,source-json,Pass,90,results=16; avgSummary=174; thinRows=0,
data/quiz-wave6-300.json,visual-vlog-pick-wave6,source-json,Pass,90,results=16; avgSummary=173; thinRows=0,
data/quiz-wave6-300.json,visual-youtuber-follow-wave6,source-json,Pass,90,results=16; avgSummary=172; thinRows=0,
data/quiz-wave6-300.json,visual-spoiler-handle-wave6,source-json,Pass,90,results=16; avgSummary=173; thinRows=0,
data/quiz-wave6-300.json,visual-subtitle-pick-wave6,source-json,Pass,90,results=16; avgSummary=170; thinRows=0,
data/quiz-wave6-300.json,visual-dubbed-pref-wave6,source-json,Pass,90,results=16; avgSummary=169; thinRows=0,
data/quiz-wave6-300.json,visual-ott-switch-wave6,source-json,Pass,90,results=16; avgSummary=176; thinRows=0,
data/quiz-wave6-300.json,visual-family-tv-wave6,source-json,Pass,90,results=16; avgSummary=175; thinRows=0,
data/quiz-wave6-300.json,visual-projector-night-wave6,source-json,Pass,90,results=16; avgSummary=180; thinRows=0,
data/quiz-wave6-300.json,visual-theater-time-wave6,source-json,Pass,90,results=16; avgSummary=173; thinRows=0,
data/quiz-wave6-300.json,visual-popcorn-pick-wave6,source-json,Pass,90,results=16; avgSummary=170; thinRows=0,
data/quiz-wave6-300.json,visual-seat-row-wave6,source-json,Pass,90,results=16; avgSummary=175; thinRows=0,
data/quiz-wave6-300.json,visual-review-after-wave6,source-json,Pass,90,results=16; avgSummary=172; thinRows=0,
data/quiz-wave6-300.json,visual-rating-give-wave6,source-json,Pass,90,results=16; avgSummary=169; thinRows=0,
data/quiz-wave6-300.json,visual-save-later-video-wave6,source-json,Pass,90,results=16; avgSummary=172; thinRows=0,
data/quiz-wave6-300.json,visual-thumbnail-trust-wave6,source-json,Pass,90,results=16; avgSummary=171; thinRows=0,
data/quiz-wave6-300.json,visual-recommendation-trust-wave6,source-json,Pass,90,results=16; avgSummary=180; thinRows=0,
data/quiz-wave6-300.json,visual-replay-fav-wave6,source-json,Pass,90,results=16; avgSummary=165; thinRows=0,
data/quiz-wave6-300.json,read-bookstore-walk-wave6,source-json,Pass,90,results=16; avgSummary=165; thinRows=0,
data/quiz-wave6-300.json,read-library-borrow-wave6,source-json,Pass,90,results=16; avgSummary=167; thinRows=0,
data/quiz-wave6-300.json,read-used-book-wave6,source-json,Pass,90,results=16; avgSummary=161; thinRows=0,
data/quiz-wave6-300.json,read-ebook-vs-paper-wave6,source-json,Pass,90,results=16; avgSummary=171; thinRows=0,
data/quiz-wave6-300.json,read-audiobook-listen-wave6,source-json,Pass,90,results=16; avgSummary=163; thinRows=0,
data/quiz-wave6-300.json,read-bedtime-read-wave6,source-json,Pass,90,results=16; avgSummary=165; thinRows=0,
data/quiz-wave6-300.json,read-commute-read-wave6,source-json,Pass,90,results=16; avgSummary=167; thinRows=0,
data/quiz-wave6-300.json,read-finish-rate-wave6,source-json,Pass,90,results=16; avgSummary=165; thinRows=0,
data/quiz-wave6-300.json,read-multi-book-wave6,source-json,Pass,90,results=16; avgSummary=165; thinRows=0,
data/quiz-wave6-300.json,read-genre-fiction-wave6,source-json,Pass,90,results=16; avgSummary=163; thinRows=0,
data/quiz-wave6-300.json,read-essay-pick-wave6,source-json,Pass,90,results=16; avgSummary=167; thinRows=0,
data/quiz-wave6-300.json,read-self-help-wave6,source-json,Pass,90,results=16; avgSummary=165; thinRows=0,
data/quiz-wave6-300.json,read-history-book-wave6,source-json,Pass,90,results=16; avgSummary=161; thinRows=0,
data/quiz-wave6-300.json,read-foreign-novel-wave6,source-json,Pass,90,results=16; avgSummary=163; thinRows=0,
data/quiz-wave6-300.json,read-short-story-wave6,source-json,Pass,90,results=16; avgSummary=165; thinRows=0,
data/quiz-wave6-300.json,read-highlight-note-wave6,source-json,Pass,90,results=16; avgSummary=167; thinRows=0,
data/quiz-wave6-300.json,read-index-card-wave6,source-json,Pass,90,results=16; avgSummary=163; thinRows=0,
data/quiz-wave6-300.json,read-bookclub-join-wave6,source-json,Pass,90,results=16; avgSummary=165; thinRows=0,
data/quiz-wave6-300.json,read-recommend-book-wave6,source-json,Pass,90,results=16; avgSummary=163; thinRows=0,
data/quiz-wave6-300.json,read-gift-book-wave6,source-json,Pass,90,results=16; avgSummary=163; thinRows=0,
data/quiz-wave6-300.json,read-bookshelf-style-wave6,source-json,Pass,90,results=16; avgSummary=167; thinRows=0,
data/quiz-wave6-300.json,read-bookmark-pick-wave6,source-json,Pass,90,results=16; avgSummary=167; thinRows=0,
data/quiz-wave6-300.json,read-reading-cafe-wave6,source-json,Pass,90,results=16; avgSummary=165; thinRows=0,
data/quiz-wave6-300.json,read-reread-fav-wave6,source-json,Pass,90,results=16; avgSummary=159; thinRows=0,
data/quiz-wave6-300.json,read-book-cover-wave6,source-json,Pass,90,results=16; avgSummary=169; thinRows=0,
data/quiz-wave6-300.json,sport-gym-time-wave6,source-json,Pass,90,results=16; avgSummary=163; thinRows=0,
data/quiz-wave6-300.json,sport-pt-class-wave6,source-json,Pass,90,results=16; avgSummary=160; thinRows=0,
data/quiz-wave6-300.json,sport-group-class-sport-wave6,source-json,Pass,90,results=16; avgSummary=161; thinRows=0,
data/quiz-wave6-300.json,sport-running-distance-wave6,source-json,Pass,90,results=16; avgSummary=162; thinRows=0,
data/quiz-wave6-300.json,sport-interval-run-wave6,source-json,Pass,90,results=16; avgSummary=163; thinRows=0,
data/quiz-wave6-300.json,sport-bench-press-wave6,source-json,Pass,90,results=16; avgSummary=160; thinRows=0,
data/quiz-wave6-300.json,sport-squat-set-wave6,source-json,Pass,90,results=16; avgSummary=163; thinRows=0,
data/quiz-wave6-300.json,sport-pull-up-wave6,source-json,Pass,90,results=16; avgSummary=156; thinRows=0,
data/quiz-wave6-300.json,sport-climbing-route-wave6,source-json,Pass,90,results=16; avgSummary=165; thinRows=0,
data/quiz-wave6-300.json,sport-swimming-lap-wave6,source-json,Pass,90,results=16; avgSummary=158; thinRows=0,
data/quiz-wave6-300.json,sport-aqua-walk-wave6,source-json,Pass,90,results=16; avgSummary=163; thinRows=0,
data/quiz-wave6-300.json,sport-tennis-match-wave6,source-json,Pass,90,results=16; avgSummary=162; thinRows=0,
data/quiz-wave6-300.json,sport-badminton-game-wave6,source-json,Pass,90,results=16; avgSummary=165; thinRows=0,
data/quiz-wave6-300.json,sport-soccer-team-wave6,source-json,Pass,90,results=16; avgSummary=162; thinRows=0,
data/quiz-wave6-300.json,sport-basketball-pickup-wave6,source-json,Pass,90,results=16; avgSummary=161; thinRows=0,
data/quiz-wave6-300.json,sport-bicycle-pace-wave6,source-json,Pass,90,results=16; avgSummary=164; thinRows=0,
data/quiz-wave6-300.json,sport-mountain-elevation-wave6,source-json,Pass,90,results=16; avgSummary=163; thinRows=0,
data/quiz-wave6-300.json,sport-yoga-mat-wave6,source-json,Pass,90,results=16; avgSummary=160; thinRows=0,
data/quiz-wave6-300.json,sport-pilates-class-wave6,source-json,Pass,90,results=16; avgSummary=165; thinRows=0,
data/quiz-wave6-300.json,sport-rest-day-sport-wave6,source-json,Pass,90,results=16; avgSummary=162; thinRows=0,
data/quiz-wave6-300.json,sport-warmup-stretch-wave6,source-json,Pass,90,results=16; avgSummary=165; thinRows=0,
data/quiz-wave6-300.json,sport-protein-shake-wave6,source-json,Pass,90,results=16; avgSummary=164; thinRows=0,
data/quiz-wave6-300.json,sport-gear-buy-wave6,source-json,Pass,90,results=16; avgSummary=163; thinRows=0,
data/quiz-wave6-300.json,sport-app-track-wave6,source-json,Pass,90,results=16; avgSummary=162; thinRows=0,
data/quiz-wave6-300.json,sport-heart-rate-zone-wave6,source-json,Pass,90,results=16; avgSummary=159; thinRows=0,
data/quiz-wave6-300.json,parent-bedtime-story-wave6,source-json,Pass,90,results=16; avgSummary=162; thinRows=0,
data/quiz-wave6-300.json,parent-morning-routine-kid-wave6,source-json,Pass,90,results=16; avgSummary=168; thinRows=0,
data/quiz-wave6-300.json,parent-screen-time-kid-wave6,source-json,Pass,90,results=16; avgSummary=168; thinRows=0,
data/quiz-wave6-300.json,parent-snack-pick-kid-wave6,source-json,Pass,90,results=16; avgSummary=162; thinRows=0,
data/quiz-wave6-300.json,parent-lunchbox-kid-wave6,source-json,Pass,90,results=16; avgSummary=166; thinRows=0,
data/quiz-wave6-300.json,parent-new-friend-kid-wave6,source-json,Pass,90,results=16; avgSummary=168; thinRows=0,
data/quiz-wave6-300.json,parent-playdate-wave6,source-json,Pass,90,results=16; avgSummary=162; thinRows=0,
data/quiz-wave6-300.json,parent-pickup-time-wave6,source-json,Pass,90,results=16; avgSummary=162; thinRows=0,
data/quiz-wave6-300.json,parent-homework-help-wave6,source-json,Pass,90,results=16; avgSummary=162; thinRows=0,
data/quiz-wave6-300.json,parent-academy-pick-wave6,source-json,Pass,90,results=16; avgSummary=162; thinRows=0,
data/quiz-wave6-300.json,parent-reading-with-kid-wave6,source-json,Pass,90,results=16; avgSummary=170; thinRows=0,
data/quiz-wave6-300.json,parent-family-trip-plan-wave6,source-json,Pass,90,results=16; avgSummary=168; thinRows=0,
data/quiz-wave6-300.json,parent-theme-park-wave6,source-json,Pass,90,results=16; avgSummary=160; thinRows=0,
data/quiz-wave6-300.json,parent-museum-with-kid-wave6,source-json,Pass,90,results=16; avgSummary=166; thinRows=0,
data/quiz-wave6-300.json,parent-allowance-set-wave6,source-json,Pass,90,results=16; avgSummary=162; thinRows=0,
data/quiz-wave6-300.json,parent-chore-share-wave6,source-json,Pass,90,results=16; avgSummary=164; thinRows=0,
data/quiz-wave6-300.json,parent-scolding-style-wave6,source-json,Pass,90,results=16; avgSummary=164; thinRows=0,
data/quiz-wave6-300.json,parent-praise-style-wave6,source-json,Pass,90,results=16; avgSummary=162; thinRows=0,
data/quiz-wave6-300.json,parent-teacher-meet-wave6,source-json,Pass,90,results=16; avgSummary=164; thinRows=0,
data/quiz-wave6-300.json,parent-health-checkup-kid-wave6,source-json,Pass,90,results=16; avgSummary=166; thinRows=0,
data/quiz-wave6-300.json,parent-bath-time-kid-wave6,source-json,Pass,90,results=16; avgSummary=162; thinRows=0,
data/quiz-wave6-300.json,parent-bedtime-talk-wave6,source-json,Pass,90,results=16; avgSummary=168; thinRows=0,
data/quiz-wave6-300.json,parent-sibling-mediation-wave6,source-json,Pass,90,results=16; avgSummary=162; thinRows=0,
data/quiz-wave6-300.json,parent-birthday-party-kid-wave6,source-json,Pass,90,results=16; avgSummary=166; thinRows=0,
data/quiz-wave6-300.json,parent-family-photo-wave6,source-json,Pass,90,results=16; avgSummary=162; thinRows=0,
data/quiz-wave6-300.json,senior-retirement-plan-wave6,source-json,Pass,90,results=16; avgSummary=169; thinRows=0,
data/quiz-wave6-300.json,senior-second-career-wave6,source-json,Pass,90,results=16; avgSummary=172; thinRows=0,
data/quiz-wave6-300.json,senior-pension-check-wave6,source-json,Pass,90,results=16; avgSummary=169; thinRows=0,
data/quiz-wave6-300.json,senior-healthcare-plan-wave6,source-json,Pass,90,results=16; avgSummary=174; thinRows=0,
data/quiz-wave6-300.json,senior-senior-club-wave6,source-json,Pass,90,results=16; avgSummary=169; thinRows=0,
data/quiz-wave6-300.json,senior-volunteer-senior-wave6,source-json,Pass,90,results=16; avgSummary=168; thinRows=0,
data/quiz-wave6-300.json,senior-new-hobby-senior-wave6,source-json,Pass,90,results=16; avgSummary=167; thinRows=0,
data/quiz-wave6-300.json,senior-learning-senior-wave6,source-json,Pass,90,results=16; avgSummary=170; thinRows=0,
data/quiz-wave6-300.json,senior-travel-after-60-wave6,source-json,Pass,90,results=16; avgSummary=171; thinRows=0,
data/quiz-wave6-300.json,senior-grandchild-meet-wave6,source-json,Pass,90,results=16; avgSummary=170; thinRows=0,
data/quiz-wave6-300.json,senior-family-gather-wave6,source-json,Pass,90,results=16; avgSummary=169; thinRows=0,
data/quiz-wave6-300.json,senior-doctor-trust-wave6,source-json,Pass,90,results=16; avgSummary=172; thinRows=0,
data/quiz-wave6-300.json,senior-medication-list-wave6,source-json,Pass,90,results=16; avgSummary=171; thinRows=0,
data/quiz-wave6-300.json,senior-walk-routine-senior-wave6,source-json,Pass,90,results=16; avgSummary=170; thinRows=0,
data/quiz-wave6-300.json,senior-balance-exercise-wave6,source-json,Pass,90,results=16; avgSummary=169; thinRows=0,
data/quiz-wave6-300.json,senior-memory-care-wave6,source-json,Pass,90,results=16; avgSummary=172; thinRows=0,
data/quiz-wave6-300.json,senior-digital-class-wave6,source-json,Pass,90,results=16; avgSummary=171; thinRows=0,
data/quiz-wave6-300.json,senior-smartphone-help-wave6,source-json,Pass,90,results=16; avgSummary=180; thinRows=0,
data/quiz-wave6-300.json,senior-downsize-home-wave6,source-json,Pass,90,results=16; avgSummary=175; thinRows=0,
data/quiz-wave6-300.json,senior-asset-handover-wave6,source-json,Pass,90,results=16; avgSummary=170; thinRows=0,
data/quiz-wave6-300.json,senior-will-prepare-wave6,source-json,Pass,90,results=16; avgSummary=169; thinRows=0,
data/quiz-wave6-300.json,senior-funeral-prep-wave6,source-json,Pass,90,results=16; avgSummary=170; thinRows=0,
data/quiz-wave6-300.json,senior-legacy-letter-wave6,source-json,Pass,90,results=16; avgSummary=171; thinRows=0,
data/quiz-wave6-300.json,senior-young-friend-wave6,source-json,Pass,90,results=16; avgSummary=170; thinRows=0,
data/quiz-wave6-300.json,senior-pet-with-senior-wave6,source-json,Pass,90,results=16; avgSummary=175; thinRows=0,
data/quiz-wave6-300.json,asset-monthly-budget-wave6,source-json,Pass,90,results=16; avgSummary=161; thinRows=0,
data/quiz-wave6-300.json,asset-spending-track-wave6,source-json,Pass,90,results=16; avgSummary=163; thinRows=0,
data/quiz-wave6-300.json,asset-saving-rate-wave6,source-json,Pass,90,results=16; avgSummary=163; thinRows=0,
data/quiz-wave6-300.json,asset-rainy-day-fund-wave6,source-json,Pass,90,results=16; avgSummary=169; thinRows=0,
data/quiz-wave6-300.json,asset-account-split-wave6,source-json,Pass,90,results=16; avgSummary=165; thinRows=0,
data/quiz-wave6-300.json,asset-fixed-deposit-wave6,source-json,Pass,90,results=16; avgSummary=161; thinRows=0,
data/quiz-wave6-300.json,asset-installment-saving-wave6,source-json,Pass,90,results=16; avgSummary=157; thinRows=0,
data/quiz-wave6-300.json,asset-fund-pick-wave6,source-json,Pass,90,results=16; avgSummary=163; thinRows=0,
data/quiz-wave6-300.json,asset-stock-buy-wave6,source-json,Pass,90,results=16; avgSummary=163; thinRows=0,
data/quiz-wave6-300.json,asset-stock-sell-wave6,source-json,Pass,90,results=16; avgSummary=163; thinRows=0,
data/quiz-wave6-300.json,asset-dividend-pick-wave6,source-json,Pass,90,results=16; avgSummary=159; thinRows=0,
data/quiz-wave6-300.json,asset-etf-allocate-wave6,source-json,Pass,90,results=16; avgSummary=165; thinRows=0,
data/quiz-wave6-300.json,asset-bond-buy-wave6,source-json,Pass,90,results=16; avgSummary=163; thinRows=0,
data/quiz-wave6-300.json,asset-crypto-decide-wave6,source-json,Pass,90,results=16; avgSummary=167; thinRows=0,
data/quiz-wave6-300.json,asset-real-estate-look-wave6,source-json,Pass,90,results=16; avgSummary=169; thinRows=0,
data/quiz-wave6-300.json,asset-mortgage-plan-wave6,source-json,Pass,90,results=16; avgSummary=165; thinRows=0,
data/quiz-wave6-300.json,asset-insurance-review-wave6,source-json,Pass,90,results=16; avgSummary=163; thinRows=0,
data/quiz-wave6-300.json,asset-tax-deduction-wave6,source-json,Pass,90,results=16; avgSummary=161; thinRows=0,
data/quiz-wave6-300.json,asset-credit-score-wave6,source-json,Pass,90,results=16; avgSummary=167; thinRows=0,
data/quiz-wave6-300.json,asset-loan-compare-wave6,source-json,Pass,90,results=16; avgSummary=163; thinRows=0,
data/quiz-wave6-300.json,asset-donation-set-wave6,source-json,Pass,90,results=16; avgSummary=163; thinRows=0,
data/quiz-wave6-300.json,asset-pension-add-wave6,source-json,Pass,90,results=16; avgSummary=163; thinRows=0,
data/quiz-wave6-300.json,asset-wealth-record-wave6,source-json,Pass,90,results=16; avgSummary=163; thinRows=0,
data/quiz-wave6-300.json,asset-financial-news-wave6,source-json,Pass,90,results=16; avgSummary=163; thinRows=0,
data/quiz-wave6-300.json,asset-advisor-meet-wave6,source-json,Pass,90,results=16; avgSummary=163; thinRows=0,
